2026-01-06 11:12:27,440 - Knowledge - INFO - Created shared MongoDB connection pool
2026-01-06 11:12:27,754 - Knowledge - INFO - Starting Knowledge Graph processing with 20 threads
2026-01-06 11:12:27,928 - Knowledge - INFO - Initial configuration: chunk_size=65536, max_cache_size=500
2026-01-06 11:12:28,126 - Knowledge - INFO - Knowledge Graph concurrency configuration: workers=20, max_batch_size=10, max_concurrent_llm_calls=50
2026-01-06 11:12:29,730 - Knowledge - INFO - 🔍 _load_persisted_knowledge called - checking for Redis optimization
2026-01-06 11:12:29,895 - Knowledge - WARNING - ❌ load_from_redis method not found - Redis support not attached
2026-01-06 11:12:30,079 - Knowledge - INFO - load persisted knowledge: begin
2026-01-06 11:12:30,261 - Knowledge - INFO - Loaded 0 files from persisted knowledge
2026-01-06 11:12:30,421 - Knowledge - INFO - load persisted knowledge: end
2026-01-06 11:12:30,584 - Knowledge - WARNING - No persisted knowledge found. Files will be queued during start()
2026-01-06 11:12:30,769 - Knowledge - INFO - Redis support added with prefix knowledge:b5070uy:
2026-01-06 11:12:31,083 - Knowledge - INFO - Starting knowledge initialization for ID: xb6Iba-b5070uy
2026-01-06 11:12:31,272 - Knowledge - INFO - 🔍 Checking Redis for build_id: b5070uy
2026-01-06 11:12:31,455 - Knowledge - INFO - 🔍 Full session ID: xb6Iba-b5070uy
2026-01-06 11:12:31,604 - Knowledge - INFO - 🔍 Redis prefix will be: knowledge:b5070uy:
2026-01-06 11:12:31,786 - Knowledge - INFO - 🔍 Using attached load_from_redis() method
2026-01-06 11:12:31,950 - Knowledge - INFO - 🔍 Attempting to load knowledge from Redis...
2026-01-06 11:12:32,155 - Knowledge - INFO - 🔍 Using derived instance_id for Redis lookup: b5070uy
2026-01-06 11:12:32,343 - Knowledge - WARNING - ❌ No Redis cache found
2026-01-06 11:12:32,521 - Knowledge - INFO - 📁 Loading knowledge from disk...
2026-01-06 11:12:32,750 - Knowledge - INFO - load persisted docinfo: begin
2026-01-06 11:12:32,905 - Knowledge - INFO - load persisted docinfo: end
2026-01-06 11:12:33,113 - Knowledge - INFO - 🔍 _load_persisted_knowledge called - checking for Redis optimization
2026-01-06 11:12:33,282 - Knowledge - INFO - ✅ load_from_redis method found - attempting Redis load
2026-01-06 11:12:33,521 - Knowledge - INFO - 🔍 Attempting to load knowledge from Redis...
2026-01-06 11:12:33,691 - Knowledge - INFO - 🔍 Using derived instance_id for Redis lookup: b5070uy
2026-01-06 11:12:33,935 - Knowledge - WARNING - ❌ No Redis cache found
2026-01-06 11:12:34,108 - Knowledge - INFO - ❌ Redis load returned False - falling back to file loading
2026-01-06 11:12:34,310 - Knowledge - INFO - load persisted knowledge: begin
2026-01-06 11:12:34,473 - Knowledge - INFO - Loaded 0 files from persisted knowledge
2026-01-06 11:12:34,637 - Knowledge - INFO - load persisted knowledge: end
2026-01-06 11:12:34,795 - Knowledge - INFO - 📁 Disk load complete in 2.09s
2026-01-06 11:12:34,954 - Knowledge - INFO - Populating ingest queue with source files...
2026-01-06 11:12:35,211 - Knowledge - INFO - Added 50 files from /app/data/tataelxsimockapisolutions5451/9209/b5070uy/Online-Examination-System-9209 to ingest queue
2026-01-06 11:12:35,375 - Knowledge - INFO - [WEBSOCKET] Sent: Type=progress_update, Size: 159, Duration: 0ms
2026-01-06 11:12:35,570 - Knowledge - INFO - Worker kw1 created using shared MongoDB connection pool
2026-01-06 11:12:35,722 - Knowledge - INFO - knowledge worker kw1 start
2026-01-06 11:12:35,723 - Knowledge - INFO - Worker kw2 created using shared MongoDB connection pool
2026-01-06 11:12:35,945 - Knowledge - INFO - [kw1] Queue=50, InProgress=0, PendingWorkers=0/1, Completed=0/50 (0.0%)
2026-01-06 11:12:36,019 - Knowledge - INFO - knowledge worker kw2 start
2026-01-06 11:12:36,019 - Knowledge - INFO - Worker kw3 created using shared MongoDB connection pool
2026-01-06 11:12:36,166 - Knowledge - INFO - Batch sizing: calculated=4, max_allowed=10, queue=50, active_workers=0/2
2026-01-06 11:12:36,249 - Knowledge - INFO - [kw2] Queue=50, InProgress=0, PendingWorkers=0/2, Completed=0/50 (0.0%)
2026-01-06 11:12:36,367 - Knowledge - INFO - knowledge worker kw3 start
2026-01-06 11:12:36,367 - Knowledge - INFO - Worker kw4 created using shared MongoDB connection pool
2026-01-06 11:12:36,483 - Knowledge - INFO - Worker kw1 processing /app/data/tataelxsimockapisolutions5451/9209/b5070uy/Online-Examination-System-9209/OnlineExamSystem/DownloadPdf.aspx.cs
2026-01-06 11:12:36,573 - Knowledge - INFO - Batch sizing: calculated=4, max_allowed=10, queue=50, active_workers=1/3
2026-01-06 11:12:36,654 - Knowledge - INFO - [kw3] Queue=46, InProgress=0, PendingWorkers=1/3, Completed=0/50 (0.0%)
2026-01-06 11:12:36,776 - Knowledge - INFO - knowledge worker kw4 start
2026-01-06 11:12:36,777 - Knowledge - INFO - Worker kw5 created using shared MongoDB connection pool
2026-01-06 11:12:36,854 - Knowledge - INFO - Fast-tracked /app/data/tataelxsimockapisolutions5451/9209/b5070uy/Online-Examination-System-9209/OnlineExamSystem/DownloadPdf.aspx.cs (ext=.cs, size=1655)
2026-01-06 11:12:36,927 - Knowledge - INFO - Worker kw2 processing /app/data/tataelxsimockapisolutions5451/9209/b5070uy/Online-Examination-System-9209/OnlineExamSystem/TakenCourses.aspx.designer.cs
2026-01-06 11:12:37,017 - Knowledge - INFO - Batch sizing: calculated=4, max_allowed=10, queue=46, active_workers=2/4
2026-01-06 11:12:37,107 - Knowledge - INFO - [kw4] Queue=42, InProgress=0, PendingWorkers=2/4, Completed=0/50 (0.0%)
2026-01-06 11:12:37,194 - Knowledge - INFO - knowledge worker kw5 start
2026-01-06 11:12:37,194 - Knowledge - INFO - Worker kw6 created using shared MongoDB connection pool
2026-01-06 11:12:37,269 - Knowledge - INFO - Worker kw1 processing /app/data/tataelxsimockapisolutions5451/9209/b5070uy/Online-Examination-System-9209/OnlineExamSystem/SignUpPage.aspx.designer.cs
2026-01-06 11:12:37,348 - Knowledge - INFO - Worker kw2 processing /app/data/tataelxsimockapisolutions5451/9209/b5070uy/Online-Examination-System-9209/OnlineExamSystem/SetExam.aspx.designer.cs
2026-01-06 11:12:37,441 - Knowledge - INFO - Worker kw3 processing /app/data/tataelxsimockapisolutions5451/9209/b5070uy/Online-Examination-System-9209/OnlineExamSystem/EditMCQ.aspx.designer.cs
2026-01-06 11:12:37,519 - Knowledge - INFO - Batch sizing: calculated=4, max_allowed=10, queue=42, active_workers=3/5
2026-01-06 11:12:37,625 - Knowledge - INFO - [kw5] Queue=38, InProgress=0, PendingWorkers=3/5, Completed=0/50 (0.0%)
2026-01-06 11:12:37,711 - Knowledge - INFO - knowledge worker kw6 start
2026-01-06 11:12:37,712 - Knowledge - INFO - Worker kw7 created using shared MongoDB connection pool
2026-01-06 11:12:37,803 - Knowledge - INFO - Worker kw1 processing /app/data/tataelxsimockapisolutions5451/9209/b5070uy/Online-Examination-System-9209/OnlineExamSystem/ShowAns.aspx.designer.cs
2026-01-06 11:12:37,895 - Knowledge - INFO - Worker kw2 processing /app/data/tataelxsimockapisolutions5451/9209/b5070uy/Online-Examination-System-9209/OnlineExamSystem/TheoryExam.aspx.cs
2026-01-06 11:12:37,972 - Knowledge - INFO - Worker kw3 processing /app/data/tataelxsimockapisolutions5451/9209/b5070uy/Online-Examination-System-9209/OnlineExamSystem/TheorySet.aspx.designer.cs
2026-01-06 11:12:38,053 - Knowledge - INFO - Worker kw4 processing /app/data/tataelxsimockapisolutions5451/9209/b5070uy/Online-Examination-System-9209/OnlineExamSystem/AdminQueue.aspx.cs
2026-01-06 11:12:38,156 - Knowledge - INFO - Batch sizing: calculated=4, max_allowed=10, queue=38, active_workers=4/6
2026-01-06 11:12:38,268 - Knowledge - INFO - [kw6] Queue=34, InProgress=0, PendingWorkers=4/6, Completed=0/50 (0.0%)
2026-01-06 11:12:38,360 - Knowledge - INFO - knowledge worker kw7 start
2026-01-06 11:12:38,360 - Knowledge - INFO - Worker kw8 created using shared MongoDB connection pool
2026-01-06 11:12:38,443 - Knowledge - INFO - Worker kw1 processing /app/data/tataelxsimockapisolutions5451/9209/b5070uy/Online-Examination-System-9209/OnlineExamSystem/ExamResult.aspx.cs
2026-01-06 11:12:38,539 - Knowledge - INFO - Worker kw2 processing /app/data/tataelxsimockapisolutions5451/9209/b5070uy/Online-Examination-System-9209/OnlineExamSystem/LoginPage.aspx.cs
2026-01-06 11:12:38,629 - Knowledge - INFO - Worker kw3 processing /app/data/tataelxsimockapisolutions5451/9209/b5070uy/Online-Examination-System-9209/OnlineExamSystem/AdminLeaderboard.aspx.cs
2026-01-06 11:12:38,721 - Knowledge - INFO - Fast-tracked /app/data/tataelxsimockapisolutions5451/9209/b5070uy/Online-Examination-System-9209/OnlineExamSystem/AdminQueue.aspx.cs (ext=.cs, size=1159)
2026-01-06 11:12:38,815 - Knowledge - INFO - Worker kw5 processing /app/data/tataelxsimockapisolutions5451/9209/b5070uy/Online-Examination-System-9209/OnlineExamSystem/AdminPanel.aspx.designer.cs
2026-01-06 11:12:38,898 - Knowledge - INFO - Batch sizing: calculated=4, max_allowed=10, queue=34, active_workers=5/7
2026-01-06 11:12:38,982 - Knowledge - INFO - [kw7] Queue=30, InProgress=0, PendingWorkers=5/7, Completed=0/50 (0.0%)
2026-01-06 11:12:39,069 - Knowledge - INFO - knowledge worker kw8 start
2026-01-06 11:12:39,069 - Knowledge - INFO - Worker kw9 created using shared MongoDB connection pool
2026-01-06 11:12:39,349 - Knowledge - INFO - Worker kw3 processing /app/data/tataelxsimockapisolutions5451/9209/b5070uy/Online-Examination-System-9209/OnlineExamSystem/AdminCourseQueue.aspx.designer.cs
2026-01-06 11:12:39,479 - Knowledge - INFO - Worker kw4 processing /app/data/tataelxsimockapisolutions5451/9209/b5070uy/Online-Examination-System-9209/OnlineExamSystem/Leaderboard.aspx.designer.cs
2026-01-06 11:12:39,578 - Knowledge - INFO - Worker kw5 processing /app/data/tataelxsimockapisolutions5451/9209/b5070uy/Online-Examination-System-9209/OnlineExamSystem/StartExam.aspx.designer.cs
2026-01-06 11:12:39,667 - Knowledge - INFO - Worker kw6 processing /app/data/tataelxsimockapisolutions5451/9209/b5070uy/Online-Examination-System-9209/OnlineExamSystem/UserProfile.aspx.cs
2026-01-06 11:12:39,761 - Knowledge - INFO - Batch sizing: calculated=4, max_allowed=10, queue=30, active_workers=6/8
2026-01-06 11:12:39,851 - Knowledge - INFO - [kw8] Queue=26, InProgress=0, PendingWorkers=6/8, Completed=0/50 (0.0%)
2026-01-06 11:12:39,974 - Knowledge - INFO - knowledge worker kw9 start
2026-01-06 11:12:39,974 - Knowledge - INFO - Worker kw10 created using shared MongoDB connection pool
2026-01-06 11:12:40,134 - Knowledge - INFO - Worker kw4 processing /app/data/tataelxsimockapisolutions5451/9209/b5070uy/Online-Examination-System-9209/OnlineExamSystem/MCQExam.aspx.cs
2026-01-06 11:12:40,218 - Knowledge - INFO - Worker kw5 processing /app/data/tataelxsimockapisolutions5451/9209/b5070uy/Online-Examination-System-9209/OnlineExamSystem/Dashboard.aspx.cs
2026-01-06 11:12:40,304 - Knowledge - INFO - Worker kw6 processing /app/data/tataelxsimockapisolutions5451/9209/b5070uy/Online-Examination-System-9209/OnlineExamSystem/EditTheory.aspx.designer.cs
2026-01-06 11:12:40,375 - Knowledge - INFO - Worker kw7 processing /app/data/tataelxsimockapisolutions5451/9209/b5070uy/Online-Examination-System-9209/OnlineExamSystem/MCQExam.aspx.designer.cs
2026-01-06 11:12:40,455 - Knowledge - INFO - Batch sizing: calculated=4, max_allowed=10, queue=26, active_workers=7/9
2026-01-06 11:12:40,546 - Knowledge - INFO - [kw9] Queue=22, InProgress=0, PendingWorkers=7/9, Completed=0/50 (0.0%)
2026-01-06 11:12:40,621 - Knowledge - INFO - knowledge worker kw10 start
2026-01-06 11:12:40,621 - Knowledge - INFO - Worker kw11 created using shared MongoDB connection pool
2026-01-06 11:12:40,700 - Knowledge - INFO - Worker kw4 processing /app/data/tataelxsimockapisolutions5451/9209/b5070uy/Online-Examination-System-9209/OnlineExamSystem/MCQSet.aspx.designer.cs
2026-01-06 11:12:40,800 - Knowledge - INFO - Fast-tracked /app/data/tataelxsimockapisolutions5451/9209/b5070uy/Online-Examination-System-9209/OnlineExamSystem/Dashboard.aspx.cs (ext=.cs, size=1014)
2026-01-06 11:12:40,889 - Knowledge - INFO - Worker kw6 processing /app/data/tataelxsimockapisolutions5451/9209/b5070uy/Online-Examination-System-9209/OnlineExamSystem/ShowAns.aspx.cs
2026-01-06 11:12:41,003 - Knowledge - INFO - Worker kw7 processing /app/data/tataelxsimockapisolutions5451/9209/b5070uy/Online-Examination-System-9209/OnlineExamSystem/CSS/bootstrap.css
2026-01-06 11:12:41,087 - Knowledge - INFO - Worker kw8 processing /app/data/tataelxsimockapisolutions5451/9209/b5070uy/Online-Examination-System-9209/OnlineExamSystem/Dashboard.aspx.designer.cs
2026-01-06 11:12:41,186 - Knowledge - INFO - Batch sizing: calculated=4, max_allowed=10, queue=22, active_workers=8/10
2026-01-06 11:12:41,260 - Knowledge - INFO - [kw10] Queue=18, InProgress=0, PendingWorkers=8/10, Completed=0/50 (0.0%)
2026-01-06 11:12:41,373 - Knowledge - INFO - knowledge worker kw11 start
2026-01-06 11:12:41,375 - Knowledge - INFO - Worker kw12 created using shared MongoDB connection pool
2026-01-06 11:12:41,579 - Knowledge - INFO - Worker kw5 processing /app/data/tataelxsimockapisolutions5451/9209/b5070uy/Online-Examination-System-9209/OnlineExamSystem/EditExam.aspx.designer.cs
2026-01-06 11:12:41,669 - Knowledge - INFO - Worker kw6 processing /app/data/tataelxsimockapisolutions5451/9209/b5070uy/Online-Examination-System-9209/OnlineExamSystem/SignUpPage.aspx.cs
2026-01-06 11:12:41,787 - Knowledge - INFO - Fast-tracked /app/data/tataelxsimockapisolutions5451/9209/b5070uy/Online-Examination-System-9209/OnlineExamSystem/CSS/bootstrap.css (ext=.css, size=260877)
2026-01-06 11:12:41,871 - Knowledge - INFO - Worker kw8 processing /app/data/tataelxsimockapisolutions5451/9209/b5070uy/Online-Examination-System-9209/OnlineExamSystem/SetExam.aspx.cs
2026-01-06 11:12:41,944 - Knowledge - INFO - Worker kw9 processing /app/data/tataelxsimockapisolutions5451/9209/b5070uy/Online-Examination-System-9209/OnlineExamSystem/UserProfile.aspx.designer.cs
2026-01-06 11:12:42,062 - Knowledge - INFO - Batch sizing: calculated=4, max_allowed=10, queue=18, active_workers=9/11
2026-01-06 11:12:42,151 - Knowledge - INFO - [kw11] Queue=14, InProgress=0, PendingWorkers=9/11, Completed=0/50 (0.0%)
2026-01-06 11:12:42,248 - Knowledge - INFO - knowledge worker kw12 start
2026-01-06 11:12:42,249 - Knowledge - INFO - Worker kw13 created using shared MongoDB connection pool
2026-01-06 11:12:42,457 - Knowledge - INFO - Fast-tracked /app/data/tataelxsimockapisolutions5451/9209/b5070uy/Online-Examination-System-9209/OnlineExamSystem/UserProfile.aspx.cs (small file (2748 bytes))
2026-01-06 11:12:42,528 - Knowledge - INFO - Worker kw7 processing /app/data/tataelxsimockapisolutions5451/9209/b5070uy/Online-Examination-System-9209/OnlineExamSystem/EditMCQ.aspx.cs
2026-01-06 11:12:42,644 - Knowledge - INFO - Fast-tracked /app/data/tataelxsimockapisolutions5451/9209/b5070uy/Online-Examination-System-9209/OnlineExamSystem/SetExam.aspx.cs (ext=.cs, size=1303)
2026-01-06 11:12:42,725 - Knowledge - INFO - Worker kw9 processing /app/data/tataelxsimockapisolutions5451/9209/b5070uy/Online-Examination-System-9209/OnlineExamSystem/Properties/AssemblyInfo.cs
2026-01-06 11:12:42,846 - Knowledge - INFO - Worker kw10 processing /app/data/tataelxsimockapisolutions5451/9209/b5070uy/Online-Examination-System-9209/OnlineExamSystem/LoginPage.aspx.designer.cs
2026-01-06 11:12:42,936 - Knowledge - INFO - Batch sizing: calculated=4, max_allowed=10, queue=14, active_workers=10/12
2026-01-06 11:12:43,047 - Knowledge - INFO - [kw12] Queue=10, InProgress=0, PendingWorkers=10/12, Completed=0/50 (0.0%)
2026-01-06 11:12:43,162 - Knowledge - INFO - knowledge worker kw13 start
2026-01-06 11:12:43,162 - Knowledge - INFO - Worker kw14 created using shared MongoDB connection pool
2026-01-06 11:12:43,363 - Knowledge - INFO - Worker kw7 processing /app/data/tataelxsimockapisolutions5451/9209/b5070uy/Online-Examination-System-9209/OnlineExamSystem/TheorySet.aspx.cs
2026-01-06 11:12:43,442 - Knowledge - INFO - Worker kw8 processing /app/data/tataelxsimockapisolutions5451/9209/b5070uy/Online-Examination-System-9209/OnlineExamSystem/TakenCourses.aspx.cs
2026-01-06 11:12:43,567 - Knowledge - INFO - Fast-tracked /app/data/tataelxsimockapisolutions5451/9209/b5070uy/Online-Examination-System-9209/OnlineExamSystem/Properties/AssemblyInfo.cs (ext=.cs, size=1403)
2026-01-06 11:12:43,656 - Knowledge - INFO - Worker kw10 processing /app/data/tataelxsimockapisolutions5451/9209/b5070uy/Online-Examination-System-9209/OnlineExamSystem/MCQSet.aspx.cs
2026-01-06 11:12:43,728 - Knowledge - INFO - Worker kw11 processing /app/data/tataelxsimockapisolutions5451/9209/b5070uy/Online-Examination-System-9209/OnlineExamSystem/ExamResult.aspx.designer.cs
2026-01-06 11:12:43,814 - Knowledge - INFO - Batch sizing: calculated=4, max_allowed=10, queue=10, active_workers=11/13
2026-01-06 11:12:43,900 - Knowledge - INFO - [kw13] Queue=6, InProgress=0, PendingWorkers=11/13, Completed=0/50 (0.0%)
2026-01-06 11:12:43,984 - Knowledge - INFO - knowledge worker kw14 start
2026-01-06 11:12:43,986 - Knowledge - INFO - Worker kw15 created using shared MongoDB connection pool
2026-01-06 11:12:44,218 - Knowledge - INFO - Fast-tracked /app/data/tataelxsimockapisolutions5451/9209/b5070uy/Online-Examination-System-9209/OnlineExamSystem/TakenCourses.aspx.cs (ext=.cs, size=926)
2026-01-06 11:12:44,314 - Knowledge - INFO - Worker kw9 processing /app/data/tataelxsimockapisolutions5451/9209/b5070uy/Online-Examination-System-9209/OnlineExamSystem/TheoryExam.aspx.designer.cs
2026-01-06 11:12:44,416 - Knowledge - INFO - Worker kw10 processing /app/data/tataelxsimockapisolutions5451/9209/b5070uy/Online-Examination-System-9209/OnlineExamSystem/AdminLeaderboard.aspx.designer.cs
2026-01-06 11:12:44,525 - Knowledge - INFO - Worker kw11 processing /app/data/tataelxsimockapisolutions5451/9209/b5070uy/Online-Examination-System-9209/OnlineExamSystem/StartExam.aspx.cs
2026-01-06 11:12:44,602 - Knowledge - INFO - Worker kw12 processing /app/data/tataelxsimockapisolutions5451/9209/b5070uy/Online-Examination-System-9209/OnlineExamSystem/EditExam.aspx.cs
2026-01-06 11:12:44,700 - Knowledge - INFO - Batch sizing: calculated=4, max_allowed=10, queue=6, active_workers=12/14
2026-01-06 11:12:44,787 - Knowledge - INFO - [kw14] Queue=2, InProgress=0, PendingWorkers=12/14, Completed=0/50 (0.0%)
2026-01-06 11:12:44,877 - Knowledge - INFO - knowledge worker kw15 start
2026-01-06 11:12:44,879 - Knowledge - INFO - Worker kw16 created using shared MongoDB connection pool
2026-01-06 11:12:44,967 - Knowledge - INFO - Worker kw8 processing /app/data/tataelxsimockapisolutions5451/9209/b5070uy/Online-Examination-System-9209/OnlineExamSystem/AdminCourseQueue.aspx.cs
2026-01-06 11:12:45,086 - Knowledge - INFO - Worker kw9 processing /app/data/tataelxsimockapisolutions5451/9209/b5070uy/Online-Examination-System-9209/OnlineExamSystem/Leaderboard.aspx.cs
2026-01-06 11:12:45,175 - Knowledge - INFO - Worker kw10 processing /app/data/tataelxsimockapisolutions5451/9209/b5070uy/Online-Examination-System-9209/OnlineExamSystem/AdminQueue.aspx.designer.cs
2026-01-06 11:12:45,265 - Knowledge - INFO - Worker kw11 processing /app/data/tataelxsimockapisolutions5451/9209/b5070uy/Online-Examination-System-9209/OnlineExamSystem/AdminPanel.aspx.cs
2026-01-06 11:12:45,353 - Knowledge - INFO - Fast-tracked /app/data/tataelxsimockapisolutions5451/9209/b5070uy/Online-Examination-System-9209/OnlineExamSystem/EditExam.aspx.cs (ext=.cs, size=1213)
2026-01-06 11:12:45,476 - Knowledge - INFO - Worker kw13 processing /app/data/tataelxsimockapisolutions5451/9209/b5070uy/Online-Examination-System-9209/database-script/README.md
2026-01-06 11:12:45,557 - Knowledge - INFO - Batch sizing: calculated=2, max_allowed=10, queue=2, active_workers=13/15
2026-01-06 11:12:45,645 - Knowledge - INFO - [WEBSOCKET] Sent: Type=progress_update, Size: 159, Duration: 0ms
2026-01-06 11:12:45,759 - Knowledge - INFO - knowledge worker kw16 start
2026-01-06 11:12:45,760 - Knowledge - INFO - Worker kw17 created using shared MongoDB connection pool
2026-01-06 11:12:45,850 - Knowledge - INFO - Fast-tracked /app/data/tataelxsimockapisolutions5451/9209/b5070uy/Online-Examination-System-9209/OnlineExamSystem/Dashboard.aspx.designer.cs (small file (2951 bytes))
2026-01-06 11:12:45,969 - Knowledge - INFO - Fast-tracked /app/data/tataelxsimockapisolutions5451/9209/b5070uy/Online-Examination-System-9209/OnlineExamSystem/Leaderboard.aspx.cs (ext=.cs, size=1907)
2026-01-06 11:12:46,167 - Knowledge - INFO - Fast-tracked /app/data/tataelxsimockapisolutions5451/9209/b5070uy/Online-Examination-System-9209/OnlineExamSystem/AdminPanel.aspx.cs (ext=.cs, size=1165)
2026-01-06 11:12:46,243 - Knowledge - INFO - Worker kw12 processing /app/data/tataelxsimockapisolutions5451/9209/b5070uy/Online-Examination-System-9209/OnlineExamSystem/EditTheory.aspx.cs
2026-01-06 11:12:46,365 - Knowledge - INFO - Fast-tracked /app/data/tataelxsimockapisolutions5451/9209/b5070uy/Online-Examination-System-9209/database-script/README.md (ext=.md, size=45)
2026-01-06 11:12:46,605 - Knowledge - INFO - [WEBSOCKET] Sent: Type=unknown, Size: ?, Duration: 960ms
2026-01-06 11:12:46,818 - Knowledge - INFO - knowledge worker kw17 start
2026-01-06 11:12:46,818 - Knowledge - INFO - Worker kw18 created using shared MongoDB connection pool
2026-01-06 11:12:46,960 - Knowledge - INFO - Fast-tracked /app/data/tataelxsimockapisolutions5451/9209/b5070uy/Online-Examination-System-9209/OnlineExamSystem/AdminCourseQueue.aspx.cs (small file (2960 bytes))
2026-01-06 11:12:47,129 - Knowledge - INFO - Worker kw11 processing /app/data/tataelxsimockapisolutions5451/9209/b5070uy/Online-Examination-System-9209/OnlineExamSystem/DownloadPdf.aspx.designer.cs
2026-01-06 11:12:47,203 - Knowledge - INFO - Worker kw12 processing /app/data/tataelxsimockapisolutions5451/9209/b5070uy/Online-Examination-System-9209/README.md
2026-01-06 11:12:47,310 - Knowledge - INFO - Worker kw13 processing /app/data/tataelxsimockapisolutions5451/9209/b5070uy/Online-Examination-System-9209/packages/Microsoft.CodeDom.Providers.DotNetCompilerPlatform.1.0.0/lib/net45/Microsoft.CodeDom.Providers.DotNetCompilerPlatform.xml
2026-01-06 11:12:47,426 - Knowledge - INFO - Progress: 0.0% | Files: 0/50 | Rate: 0.00 files/sec | Queue: 0
2026-01-06 11:12:47,619 - Knowledge - INFO - knowledge worker kw18 start
2026-01-06 11:12:47,621 - Knowledge - INFO - Worker kw19 created using shared MongoDB connection pool
2026-01-06 11:12:47,700 - Knowledge - INFO - Processing batch of 4 files
2026-01-06 11:12:47,916 - Knowledge - INFO - Fast-tracked /app/data/tataelxsimockapisolutions5451/9209/b5070uy/Online-Examination-System-9209/README.md (ext=.md, size=1830)
2026-01-06 11:12:47,989 - Knowledge - INFO - Fast-tracked /app/data/tataelxsimockapisolutions5451/9209/b5070uy/Online-Examination-System-9209/packages/Microsoft.CodeDom.Providers.DotNetCompilerPlatform.1.0.0/lib/net45/Microsoft.CodeDom.Providers.DotNetCompilerPlatform.xml (ext=.xml, size=1805)
2026-01-06 11:12:48,281 - Knowledge - INFO - knowledge worker kw19 start
2026-01-06 11:12:48,281 - Knowledge - INFO - Worker kw20 created using shared MongoDB connection pool
2026-01-06 11:12:48,359 - Knowledge - INFO - process ingested knowledge for /app/data/tataelxsimockapisolutions5451/9209/b5070uy/Online-Examination-System-9209/OnlineExamSystem/Dashboard.aspx.designer.cs
2026-01-06 11:12:48,491 - Knowledge - INFO - Worker kw12 processing /app/data/tataelxsimockapisolutions5451/9209/b5070uy/Online-Examination-System-9209/database-script/Online-Examination-System-Databse-Script.sql
2026-01-06 11:12:48,581 - Knowledge - INFO - Processing batch of 2 files
2026-01-06 11:12:48,666 - Knowledge - INFO - [WEBSOCKET] Sent: Type=progress_update, Size: 285, Duration: 0ms
2026-01-06 11:12:48,722 - Knowledge - INFO - Fast-tracked /app/data/tataelxsimockapisolutions5451/9209/b5070uy/Online-Examination-System-9209/OnlineExamSystem/AdminLeaderboard.aspx.cs (small file (2319 bytes))
2026-01-06 11:12:48,744 - Knowledge - INFO - knowledge worker kw20 start
2026-01-06 11:12:48,822 - Knowledge - INFO - process ingested knowledge for /app/data/tataelxsimockapisolutions5451/9209/b5070uy/Online-Examination-System-9209/OnlineExamSystem/SetExam.aspx.cs
2026-01-06 11:12:49,023 - Knowledge - INFO - process ingested knowledge for /app/data/tataelxsimockapisolutions5451/9209/b5070uy/Online-Examination-System-9209/database-script/README.md
2026-01-06 11:12:49,133 - Knowledge - INFO - [WEBSOCKET] Sent: Type=unknown, Size: ?, Duration: 467ms
2026-01-06 11:12:49,426 - Knowledge - INFO - process ingested knowledge for /app/data/tataelxsimockapisolutions5451/9209/b5070uy/Online-Examination-System-9209/OnlineExamSystem/TakenCourses.aspx.cs
2026-01-06 11:12:49,505 - Knowledge - INFO - process ingested knowledge for /app/data/tataelxsimockapisolutions5451/9209/b5070uy/Online-Examination-System-9209/packages/Microsoft.CodeDom.Providers.DotNetCompilerPlatform.1.0.0/lib/net45/Microsoft.CodeDom.Providers.DotNetCompilerPlatform.xml
2026-01-06 11:12:49,630 - Knowledge - INFO - Progress: 12.0% | Files: 6/50 | Rate: 0.28 files/sec | Queue: 0
2026-01-06 11:12:49,715 - Knowledge - INFO - process ingested knowledge for /app/data/tataelxsimockapisolutions5451/9209/b5070uy/Online-Examination-System-9209/OnlineExamSystem/AdminCourseQueue.aspx.cs
2026-01-06 11:12:55,042 - Knowledge - INFO - Fast-tracked /app/data/tataelxsimockapisolutions5451/9209/b5070uy/Online-Examination-System-9209/OnlineExamSystem/LoginPage.aspx.cs (small file (2323 bytes))
2026-01-06 11:12:55,923 - Knowledge - INFO - Fast-tracked /app/data/tataelxsimockapisolutions5451/9209/b5070uy/Online-Examination-System-9209/OnlineExamSystem/SignUpPage.aspx.cs (small file (2642 bytes))
2026-01-06 11:13:01,241 - Knowledge - INFO - [LLM_CALL] Completed: EditTheory.aspx.designer.cs:chunk1, Duration: 17980ms, PromptTokens: 2736, CompletionTokens: 325, Cost: $0.00040
2026-01-06 11:13:01,449 - Knowledge - INFO - done ingest for /app/data/tataelxsimockapisolutions5451/9209/b5070uy/Online-Examination-System-9209/OnlineExamSystem/EditTheory.aspx.designer.cs
2026-01-06 11:13:01,739 - Knowledge - INFO - Fast-tracked /app/data/tataelxsimockapisolutions5451/9209/b5070uy/Online-Examination-System-9209/database-script/Online-Examination-System-Databse-Script.sql (small file (0 bytes))
2026-01-06 11:13:02,813 - Knowledge - INFO - [LLM_CALL] Completed: SetExam.aspx.designer.cs:chunk1, Duration: 21526ms, PromptTokens: 2322, CompletionTokens: 300, Cost: $0.00035
2026-01-06 11:13:03,037 - Knowledge - INFO - done ingest for /app/data/tataelxsimockapisolutions5451/9209/b5070uy/Online-Examination-System-9209/OnlineExamSystem/SetExam.aspx.designer.cs
2026-01-06 11:13:03,132 - Knowledge - INFO - [LLM_CALL] Completed: SignUpPage.aspx.designer.cs:chunk1, Duration: 23950ms, PromptTokens: 4528, CompletionTokens: 411, Cost: $0.00062
2026-01-06 11:13:03,358 - Knowledge - INFO - done ingest for /app/data/tataelxsimockapisolutions5451/9209/b5070uy/Online-Examination-System-9209/OnlineExamSystem/SignUpPage.aspx.designer.cs
2026-01-06 11:13:03,691 - Knowledge - INFO - [LLM_CALL] Completed: ShowAns.aspx.cs:chunk1, Duration: 16262ms, PromptTokens: 5282, CompletionTokens: 499, Cost: $0.00073
2026-01-06 11:13:03,933 - Knowledge - INFO - done ingest for /app/data/tataelxsimockapisolutions5451/9209/b5070uy/Online-Examination-System-9209/OnlineExamSystem/ShowAns.aspx.cs
2026-01-06 11:13:03,934 - Knowledge - INFO - [LLM_CALL] Completed: TakenCourses.aspx.designer.cs:chunk1, Duration: 24669ms, PromptTokens: 2852, CompletionTokens: 319, Cost: $0.00041
2026-01-06 11:13:04,290 - Knowledge - INFO - done ingest for /app/data/tataelxsimockapisolutions5451/9209/b5070uy/Online-Examination-System-9209/OnlineExamSystem/TakenCourses.aspx.designer.cs
2026-01-06 11:13:04,291 - Knowledge - INFO - [LLM_CALL] Completed: ExamResult.aspx.cs:chunk1, Duration: 17714ms, PromptTokens: 2532, CompletionTokens: 426, Cost: $0.00042
2026-01-06 11:13:04,676 - Knowledge - INFO - done ingest for /app/data/tataelxsimockapisolutions5451/9209/b5070uy/Online-Examination-System-9209/OnlineExamSystem/ExamResult.aspx.cs
2026-01-06 11:13:04,688 - Knowledge - INFO - Processing batch of 4 files
2026-01-06 11:13:05,003 - Knowledge - INFO - process ingested knowledge for /app/data/tataelxsimockapisolutions5451/9209/b5070uy/Online-Examination-System-9209/OnlineExamSystem/UserProfile.aspx.cs
2026-01-06 11:13:05,620 - Knowledge - INFO - process ingested knowledge for /app/data/tataelxsimockapisolutions5451/9209/b5070uy/Online-Examination-System-9209/OnlineExamSystem/EditTheory.aspx.designer.cs
2026-01-06 11:13:06,243 - Knowledge - INFO - process ingested knowledge for /app/data/tataelxsimockapisolutions5451/9209/b5070uy/Online-Examination-System-9209/OnlineExamSystem/ShowAns.aspx.cs
2026-01-06 11:13:06,719 - Knowledge - INFO - process ingested knowledge for /app/data/tataelxsimockapisolutions5451/9209/b5070uy/Online-Examination-System-9209/OnlineExamSystem/SignUpPage.aspx.cs
2026-01-06 11:13:07,220 - Knowledge - INFO - [LLM_CALL] Completed: ShowAns.aspx.designer.cs:chunk1, Duration: 26308ms, PromptTokens: 9956, CompletionTokens: 644, Cost: $0.00125
2026-01-06 11:13:07,450 - Knowledge - INFO - done ingest for /app/data/tataelxsimockapisolutions5451/9209/b5070uy/Online-Examination-System-9209/OnlineExamSystem/ShowAns.aspx.designer.cs
2026-01-06 11:13:07,936 - Knowledge - INFO - [LLM_CALL] Completed: EditTheory.aspx.cs:chunk1, Duration: 18804ms, PromptTokens: 6822, CompletionTokens: 526, Cost: $0.00089
2026-01-06 11:13:08,509 - Knowledge - INFO - done ingest for /app/data/tataelxsimockapisolutions5451/9209/b5070uy/Online-Examination-System-9209/OnlineExamSystem/EditTheory.aspx.cs
2026-01-06 11:13:09,127 - Knowledge - INFO - Processing batch of 4 files
2026-01-06 11:13:09,170 - Knowledge - INFO - Processing batch of 4 files
2026-01-06 11:13:09,200 - Knowledge - INFO - [LLM_CALL] Completed: TheoryExam.aspx.cs:chunk1, Duration: 21772ms, PromptTokens: 6522, CompletionTokens: 619, Cost: $0.00090
2026-01-06 11:13:09,331 - Knowledge - INFO - process ingested knowledge for /app/data/tataelxsimockapisolutions5451/9209/b5070uy/Online-Examination-System-9209/OnlineExamSystem/DownloadPdf.aspx.cs
2026-01-06 11:13:09,473 - Knowledge - INFO - process ingested knowledge for /app/data/tataelxsimockapisolutions5451/9209/b5070uy/Online-Examination-System-9209/OnlineExamSystem/EditExam.aspx.cs
2026-01-06 11:13:09,626 - Knowledge - INFO - done ingest for /app/data/tataelxsimockapisolutions5451/9209/b5070uy/Online-Examination-System-9209/OnlineExamSystem/TheoryExam.aspx.cs
2026-01-06 11:13:09,812 - Knowledge - INFO - process ingested knowledge for /app/data/tataelxsimockapisolutions5451/9209/b5070uy/Online-Examination-System-9209/OnlineExamSystem/SignUpPage.aspx.designer.cs
2026-01-06 11:13:10,197 - Knowledge - INFO - process ingested knowledge for /app/data/tataelxsimockapisolutions5451/9209/b5070uy/Online-Examination-System-9209/OnlineExamSystem/EditTheory.aspx.cs
2026-01-06 11:13:10,848 - Knowledge - INFO - process ingested knowledge for /app/data/tataelxsimockapisolutions5451/9209/b5070uy/Online-Examination-System-9209/OnlineExamSystem/ShowAns.aspx.designer.cs
2026-01-06 11:13:10,952 - Knowledge - INFO - Processing batch of 4 files
2026-01-06 11:13:10,969 - Knowledge - INFO - [LLM_CALL] Completed: EditMCQ.aspx.designer.cs:chunk1, Duration: 30905ms, PromptTokens: 2740, CompletionTokens: 337, Cost: $0.00041
2026-01-06 11:13:11,135 - Knowledge - INFO - process ingested knowledge for /app/data/tataelxsimockapisolutions5451/9209/b5070uy/Online-Examination-System-9209/README.md
2026-01-06 11:13:11,217 - Knowledge - INFO - process ingested knowledge for /app/data/tataelxsimockapisolutions5451/9209/b5070uy/Online-Examination-System-9209/OnlineExamSystem/TakenCourses.aspx.designer.cs
2026-01-06 11:13:11,265 - Knowledge - INFO - process ingested knowledge for /app/data/tataelxsimockapisolutions5451/9209/b5070uy/Online-Examination-System-9209/OnlineExamSystem/ExamResult.aspx.cs
2026-01-06 11:13:11,345 - Knowledge - INFO - done ingest for /app/data/tataelxsimockapisolutions5451/9209/b5070uy/Online-Examination-System-9209/OnlineExamSystem/EditMCQ.aspx.designer.cs
2026-01-06 11:13:11,513 - Knowledge - INFO - [WEBSOCKET] Sent: Type=progress_update, Size: 290, Duration: 0ms
2026-01-06 11:13:11,584 - Knowledge - INFO - process ingested knowledge for /app/data/tataelxsimockapisolutions5451/9209/b5070uy/Online-Examination-System-9209/database-script/Online-Examination-System-Databse-Script.sql
2026-01-06 11:13:11,602 - Knowledge - INFO - process ingested knowledge for /app/data/tataelxsimockapisolutions5451/9209/b5070uy/Online-Examination-System-9209/OnlineExamSystem/SetExam.aspx.designer.cs
2026-01-06 11:13:11,981 - Knowledge - INFO - [WEBSOCKET] Sent: Type=unknown, Size: ?, Duration: 467ms
2026-01-06 11:13:12,419 - Knowledge - INFO - process ingested knowledge for /app/data/tataelxsimockapisolutions5451/9209/b5070uy/Online-Examination-System-9209/OnlineExamSystem/TheoryExam.aspx.cs
2026-01-06 11:13:12,454 - Knowledge - INFO - Progress: 44.0% | Files: 22/50 | Rate: 0.51 files/sec | Queue: 0
2026-01-06 11:13:12,935 - Knowledge - INFO - [LLM_CALL] Completed: TheorySet.aspx.designer.cs:chunk1, Duration: 29952ms, PromptTokens: 4396, CompletionTokens: 358, Cost: $0.00058
2026-01-06 11:13:13,135 - Knowledge - INFO - done ingest for /app/data/tataelxsimockapisolutions5451/9209/b5070uy/Online-Examination-System-9209/OnlineExamSystem/TheorySet.aspx.designer.cs
2026-01-06 11:13:13,477 - Knowledge - INFO - [LLM_CALL] Completed: UserProfile.aspx.designer.cs:chunk1, Duration: 26049ms, PromptTokens: 4074, CompletionTokens: 330, Cost: $0.00054
2026-01-06 11:13:13,735 - Knowledge - INFO - done ingest for /app/data/tataelxsimockapisolutions5451/9209/b5070uy/Online-Examination-System-9209/OnlineExamSystem/UserProfile.aspx.designer.cs
2026-01-06 11:13:13,833 - Knowledge - INFO - process ingested knowledge for /app/data/tataelxsimockapisolutions5451/9209/b5070uy/Online-Examination-System-9209/OnlineExamSystem/LoginPage.aspx.cs
2026-01-06 11:13:14,726 - Knowledge - INFO - [LLM_CALL] Completed: AdminCourseQueue.aspx.designer.cs:chunk1, Duration: 25093ms, PromptTokens: 2334, CompletionTokens: 291, Cost: $0.00035
2026-01-06 11:13:15,101 - Knowledge - INFO - done ingest for /app/data/tataelxsimockapisolutions5451/9209/b5070uy/Online-Examination-System-9209/OnlineExamSystem/AdminCourseQueue.aspx.designer.cs
2026-01-06 11:13:15,486 - Knowledge - INFO - [LLM_CALL] Completed: EditExam.aspx.designer.cs:chunk1, Duration: 19347ms, PromptTokens: 2326, CompletionTokens: 288, Cost: $0.00035
2026-01-06 11:13:15,742 - Knowledge - INFO - done ingest for /app/data/tataelxsimockapisolutions5451/9209/b5070uy/Online-Examination-System-9209/OnlineExamSystem/EditExam.aspx.designer.cs
2026-01-06 11:13:16,997 - Knowledge - INFO - [LLM_CALL] Completed: AdminPanel.aspx.designer.cs:chunk1, Duration: 34657ms, PromptTokens: 2322, CompletionTokens: 255, Cost: $0.00033
2026-01-06 11:13:17,289 - Knowledge - INFO - done ingest for /app/data/tataelxsimockapisolutions5451/9209/b5070uy/Online-Examination-System-9209/OnlineExamSystem/AdminPanel.aspx.designer.cs
2026-01-06 11:13:17,299 - Knowledge - INFO - [WEBSOCKET] Sent: Type=progress_update, Size: 289, Duration: 0ms
2026-01-06 11:13:17,716 - Knowledge - INFO - [LLM_CALL] Completed: TheoryExam.aspx.designer.cs:chunk1, Duration: 21942ms, PromptTokens: 7832, CompletionTokens: 514, Cost: $0.00099
2026-01-06 11:13:17,974 - Knowledge - INFO - done ingest for /app/data/tataelxsimockapisolutions5451/9209/b5070uy/Online-Examination-System-9209/OnlineExamSystem/TheoryExam.aspx.designer.cs
2026-01-06 11:13:17,982 - Knowledge - INFO - [WEBSOCKET] Sent: Type=unknown, Size: ?, Duration: 683ms
2026-01-06 11:13:18,393 - Knowledge - INFO - Progress: 46.0% | Files: 26/50 | Rate: 0.54 files/sec | Queue: 0
2026-01-06 11:13:18,395 - Knowledge - INFO - [LLM_CALL] Completed: Leaderboard.aspx.designer.cs:chunk1, Duration: 36902ms, PromptTokens: 2332, CompletionTokens: 288, Cost: $0.00035
2026-01-06 11:13:19,060 - Knowledge - INFO - done ingest for /app/data/tataelxsimockapisolutions5451/9209/b5070uy/Online-Examination-System-9209/OnlineExamSystem/Leaderboard.aspx.designer.cs
2026-01-06 11:13:19,061 - Knowledge - INFO - Processing batch of 4 files
2026-01-06 11:13:19,186 - Knowledge - INFO - [LLM_CALL] Completed: StartExam.aspx.designer.cs:chunk1, Duration: 31513ms, PromptTokens: 3504, CompletionTokens: 384, Cost: $0.00050
2026-01-06 11:13:19,402 - Knowledge - INFO - process ingested knowledge for /app/data/tataelxsimockapisolutions5451/9209/b5070uy/Online-Examination-System-9209/OnlineExamSystem/EditMCQ.aspx.designer.cs
2026-01-06 11:13:19,533 - Knowledge - INFO - done ingest for /app/data/tataelxsimockapisolutions5451/9209/b5070uy/Online-Examination-System-9209/OnlineExamSystem/StartExam.aspx.designer.cs
2026-01-06 11:13:19,539 - Knowledge - INFO - [WEBSOCKET] Sent: Type=progress_update, Size: 290, Duration: 0ms
2026-01-06 11:13:19,985 - Knowledge - INFO - process ingested knowledge for /app/data/tataelxsimockapisolutions5451/9209/b5070uy/Online-Examination-System-9209/OnlineExamSystem/TheorySet.aspx.designer.cs
2026-01-06 11:13:20,148 - Knowledge - INFO - Processing batch of 4 files
2026-01-06 11:13:20,155 - Knowledge - INFO - [WEBSOCKET] Sent: Type=unknown, Size: ?, Duration: 616ms
2026-01-06 11:13:20,543 - Knowledge - INFO - process ingested knowledge for /app/data/tataelxsimockapisolutions5451/9209/b5070uy/Online-Examination-System-9209/OnlineExamSystem/UserProfile.aspx.designer.cs
2026-01-06 11:13:20,600 - Knowledge - INFO - process ingested knowledge for /app/data/tataelxsimockapisolutions5451/9209/b5070uy/Online-Examination-System-9209/OnlineExamSystem/AdminLeaderboard.aspx.cs
2026-01-06 11:13:20,678 - Knowledge - INFO - Progress: 56.0% | Files: 30/50 | Rate: 0.58 files/sec | Queue: 0
2026-01-06 11:13:20,981 - Knowledge - INFO - process ingested knowledge for /app/data/tataelxsimockapisolutions5451/9209/b5070uy/Online-Examination-System-9209/OnlineExamSystem/Properties/AssemblyInfo.cs
2026-01-06 11:13:21,491 - Knowledge - INFO - process ingested knowledge for /app/data/tataelxsimockapisolutions5451/9209/b5070uy/Online-Examination-System-9209/OnlineExamSystem/AdminCourseQueue.aspx.designer.cs
2026-01-06 11:13:21,652 - Knowledge - INFO - Processing batch of 4 files
2026-01-06 11:13:21,676 - Knowledge - INFO - process ingested knowledge for /app/data/tataelxsimockapisolutions5451/9209/b5070uy/Online-Examination-System-9209/OnlineExamSystem/TheoryExam.aspx.designer.cs
2026-01-06 11:13:21,902 - Knowledge - INFO - process ingested knowledge for /app/data/tataelxsimockapisolutions5451/9209/b5070uy/Online-Examination-System-9209/OnlineExamSystem/AdminPanel.aspx.designer.cs
2026-01-06 11:13:22,292 - Knowledge - INFO - process ingested knowledge for /app/data/tataelxsimockapisolutions5451/9209/b5070uy/Online-Examination-System-9209/OnlineExamSystem/StartExam.aspx.designer.cs
2026-01-06 11:13:22,604 - Knowledge - INFO - [LLM_CALL] Completed: MCQExam.aspx.designer.cs:chunk1, Duration: 38507ms, PromptTokens: 4736, CompletionTokens: 411, Cost: $0.00064
2026-01-06 11:13:22,852 - Knowledge - INFO - done ingest for /app/data/tataelxsimockapisolutions5451/9209/b5070uy/Online-Examination-System-9209/OnlineExamSystem/MCQExam.aspx.designer.cs
2026-01-06 11:13:22,998 - Knowledge - INFO - process ingested knowledge for /app/data/tataelxsimockapisolutions5451/9209/b5070uy/Online-Examination-System-9209/OnlineExamSystem/Dashboard.aspx.cs
2026-01-06 11:13:23,407 - Knowledge - INFO - [LLM_CALL] Completed: MCQSet.aspx.designer.cs:chunk1, Duration: 29725ms, PromptTokens: 5184, CompletionTokens: 427, Cost: $0.00069
2026-01-06 11:13:23,679 - Knowledge - INFO - process ingested knowledge for /app/data/tataelxsimockapisolutions5451/9209/b5070uy/Online-Examination-System-9209/OnlineExamSystem/Leaderboard.aspx.cs
2026-01-06 11:13:23,697 - Knowledge - INFO - done ingest for /app/data/tataelxsimockapisolutions5451/9209/b5070uy/Online-Examination-System-9209/OnlineExamSystem/MCQSet.aspx.designer.cs
2026-01-06 11:13:23,772 - Knowledge - INFO - process ingested knowledge for /app/data/tataelxsimockapisolutions5451/9209/b5070uy/Online-Examination-System-9209/OnlineExamSystem/EditExam.aspx.designer.cs
2026-01-06 11:13:25,294 - Knowledge - INFO - [LLM_CALL] Completed: MCQExam.aspx.cs:chunk1, Duration: 39727ms, PromptTokens: 5282, CompletionTokens: 627, Cost: $0.00078
2026-01-06 11:13:25,509 - Knowledge - INFO - done ingest for /app/data/tataelxsimockapisolutions5451/9209/b5070uy/Online-Examination-System-9209/OnlineExamSystem/MCQExam.aspx.cs
2026-01-06 11:13:25,650 - Knowledge - INFO - [LLM_CALL] Completed: AdminLeaderboard.aspx.designer.cs:chunk1, Duration: 19418ms, PromptTokens: 2592, CompletionTokens: 309, Cost: $0.00038
2026-01-06 11:13:25,919 - Knowledge - INFO - done ingest for /app/data/tataelxsimockapisolutions5451/9209/b5070uy/Online-Examination-System-9209/OnlineExamSystem/AdminLeaderboard.aspx.designer.cs
2026-01-06 11:13:25,931 - Knowledge - INFO - [LLM_CALL] Completed: EditMCQ.aspx.cs:chunk1, Duration: 35819ms, PromptTokens: 6828, CompletionTokens: 552, Cost: $0.00090
2026-01-06 11:13:26,412 - Knowledge - INFO - done ingest for /app/data/tataelxsimockapisolutions5451/9209/b5070uy/Online-Examination-System-9209/OnlineExamSystem/EditMCQ.aspx.cs
2026-01-06 11:13:26,414 - Knowledge - INFO - [LLM_CALL] Completed: DownloadPdf.aspx.designer.cs:chunk1, Duration: 19325ms, PromptTokens: 5036, CompletionTokens: 395, Cost: $0.00066
2026-01-06 11:13:26,842 - Knowledge - INFO - done ingest for /app/data/tataelxsimockapisolutions5451/9209/b5070uy/Online-Examination-System-9209/OnlineExamSystem/DownloadPdf.aspx.designer.cs
2026-01-06 11:13:26,844 - Knowledge - INFO - Processing batch of 4 files
2026-01-06 11:13:26,994 - Knowledge - INFO - [LLM_CALL] Completed: LoginPage.aspx.designer.cs:chunk1, Duration: 40395ms, PromptTokens: 2338, CompletionTokens: 287, Cost: $0.00035
2026-01-06 11:13:27,166 - Knowledge - INFO - process ingested knowledge for /app/data/tataelxsimockapisolutions5451/9209/b5070uy/Online-Examination-System-9209/OnlineExamSystem/AdminQueue.aspx.cs
2026-01-06 11:13:27,357 - Knowledge - INFO - done ingest for /app/data/tataelxsimockapisolutions5451/9209/b5070uy/Online-Examination-System-9209/OnlineExamSystem/LoginPage.aspx.designer.cs
2026-01-06 11:13:27,716 - Knowledge - INFO - [WEBSOCKET] Sent: Type=progress_update, Size: 270, Duration: 0ms
2026-01-06 11:13:27,821 - Knowledge - INFO - process ingested knowledge for /app/data/tataelxsimockapisolutions5451/9209/b5070uy/Online-Examination-System-9209/OnlineExamSystem/Leaderboard.aspx.designer.cs
2026-01-06 11:13:27,966 - Knowledge - INFO - [LLM_CALL] Completed: TheorySet.aspx.cs:chunk1, Duration: 27063ms, PromptTokens: 8970, CompletionTokens: 610, Cost: $0.00114
2026-01-06 11:13:28,177 - Knowledge - INFO - process ingested knowledge for /app/data/tataelxsimockapisolutions5451/9209/b5070uy/Online-Examination-System-9209/OnlineExamSystem/MCQExam.aspx.cs
2026-01-06 11:13:28,265 - Knowledge - INFO - done ingest for /app/data/tataelxsimockapisolutions5451/9209/b5070uy/Online-Examination-System-9209/OnlineExamSystem/TheorySet.aspx.cs
2026-01-06 11:13:28,308 - Knowledge - INFO - [WEBSOCKET] Sent: Type=unknown, Size: ?, Duration: 592ms
2026-01-06 11:13:28,548 - Knowledge - INFO - process ingested knowledge for /app/data/tataelxsimockapisolutions5451/9209/b5070uy/Online-Examination-System-9209/OnlineExamSystem/MCQSet.aspx.designer.cs
2026-01-06 11:13:28,721 - Knowledge - INFO - Progress: 76.0% | Files: 42/50 | Rate: 0.70 files/sec | Queue: 0
2026-01-06 11:13:28,724 - Knowledge - INFO - [LLM_CALL] Completed: AdminQueue.aspx.designer.cs:chunk1, Duration: 18411ms, PromptTokens: 2334, CompletionTokens: 323, Cost: $0.00036
2026-01-06 11:13:28,991 - Knowledge - INFO - done ingest for /app/data/tataelxsimockapisolutions5451/9209/b5070uy/Online-Examination-System-9209/OnlineExamSystem/AdminQueue.aspx.designer.cs
2026-01-06 11:13:28,991 - Knowledge - INFO - [LLM_CALL] Completed: ExamResult.aspx.designer.cs:chunk1, Duration: 41160ms, PromptTokens: 5788, CompletionTokens: 405, Cost: $0.00074
2026-01-06 11:13:29,345 - Knowledge - INFO - done ingest for /app/data/tataelxsimockapisolutions5451/9209/b5070uy/Online-Examination-System-9209/OnlineExamSystem/ExamResult.aspx.designer.cs
2026-01-06 11:13:29,362 - Knowledge - INFO - Processing batch of 4 files
2026-01-06 11:13:29,515 - Knowledge - INFO - [LLM_CALL] Completed: MCQSet.aspx.cs:chunk1, Duration: 34112ms, PromptTokens: 9180, CompletionTokens: 580, Cost: $0.00115
2026-01-06 11:13:29,661 - Knowledge - INFO - process ingested knowledge for /app/data/tataelxsimockapisolutions5451/9209/b5070uy/Online-Examination-System-9209/OnlineExamSystem/MCQExam.aspx.designer.cs
2026-01-06 11:13:29,790 - Knowledge - INFO - done ingest for /app/data/tataelxsimockapisolutions5451/9209/b5070uy/Online-Examination-System-9209/OnlineExamSystem/MCQSet.aspx.cs
2026-01-06 11:13:30,080 - Knowledge - INFO - process ingested knowledge for /app/data/tataelxsimockapisolutions5451/9209/b5070uy/Online-Examination-System-9209/OnlineExamSystem/CSS/bootstrap.css
2026-01-06 11:13:30,180 - Knowledge - INFO - [LLM_CALL] Completed: StartExam.aspx.cs:chunk1, Duration: 33349ms, PromptTokens: 6630, CompletionTokens: 832, Cost: $0.00100
2026-01-06 11:13:30,285 - Knowledge - INFO - process ingested knowledge for /app/data/tataelxsimockapisolutions5451/9209/b5070uy/Online-Examination-System-9209/OnlineExamSystem/EditMCQ.aspx.cs
2026-01-06 11:13:30,394 - Knowledge - INFO - done ingest for /app/data/tataelxsimockapisolutions5451/9209/b5070uy/Online-Examination-System-9209/OnlineExamSystem/StartExam.aspx.cs
2026-01-06 11:13:30,395 - Knowledge - INFO - Processing batch of 4 files
2026-01-06 11:13:30,505 - Knowledge - INFO - process ingested knowledge for /app/data/tataelxsimockapisolutions5451/9209/b5070uy/Online-Examination-System-9209/OnlineExamSystem/TheorySet.aspx.cs
2026-01-06 11:13:30,621 - Knowledge - INFO - Processing batch of 4 files
2026-01-06 11:13:30,695 - Knowledge - INFO - process ingested knowledge for /app/data/tataelxsimockapisolutions5451/9209/b5070uy/Online-Examination-System-9209/OnlineExamSystem/LoginPage.aspx.designer.cs
2026-01-06 11:13:30,868 - Knowledge - INFO - process ingested knowledge for /app/data/tataelxsimockapisolutions5451/9209/b5070uy/Online-Examination-System-9209/OnlineExamSystem/ExamResult.aspx.designer.cs
2026-01-06 11:13:30,960 - Knowledge - INFO - process ingested knowledge for /app/data/tataelxsimockapisolutions5451/9209/b5070uy/Online-Examination-System-9209/OnlineExamSystem/MCQSet.aspx.cs
2026-01-06 11:13:31,066 - Knowledge - INFO - process ingested knowledge for /app/data/tataelxsimockapisolutions5451/9209/b5070uy/Online-Examination-System-9209/OnlineExamSystem/StartExam.aspx.cs
2026-01-06 11:13:31,149 - Knowledge - INFO - process ingested knowledge for /app/data/tataelxsimockapisolutions5451/9209/b5070uy/Online-Examination-System-9209/OnlineExamSystem/AdminLeaderboard.aspx.designer.cs
2026-01-06 11:13:31,165 - Knowledge - INFO - [WEBSOCKET] Sent: Type=progress_update, Size: 269, Duration: 0ms
2026-01-06 11:13:31,275 - Knowledge - INFO - process ingested knowledge for /app/data/tataelxsimockapisolutions5451/9209/b5070uy/Online-Examination-System-9209/OnlineExamSystem/AdminPanel.aspx.cs
2026-01-06 11:13:31,387 - Knowledge - INFO - process ingested knowledge for /app/data/tataelxsimockapisolutions5451/9209/b5070uy/Online-Examination-System-9209/OnlineExamSystem/AdminQueue.aspx.designer.cs
2026-01-06 11:13:31,480 - Knowledge - INFO - [WEBSOCKET] Sent: Type=unknown, Size: ?, Duration: 315ms
2026-01-06 11:13:31,598 - Knowledge - INFO - process ingested knowledge for /app/data/tataelxsimockapisolutions5451/9209/b5070uy/Online-Examination-System-9209/OnlineExamSystem/DownloadPdf.aspx.designer.cs
2026-01-06 11:13:31,807 - Knowledge - INFO - Progress: 100.0% | Files: 50/50 | Rate: 0.78 files/sec | Queue: 0
2026-01-06 11:13:32,311 - Knowledge - INFO - Knowledge creation complete
2026-01-06 11:13:32,468 - Knowledge - INFO - ==================================================
2026-01-06 11:13:32,626 - Knowledge - INFO - KNOWLEDGE GRAPH GENERATION PERFORMANCE SUMMARY
2026-01-06 11:13:32,790 - Knowledge - INFO - ==================================================
2026-01-06 11:13:32,973 - Knowledge - INFO - Total processing time: 65.03 seconds (1.08 minutes)
2026-01-06 11:13:33,147 - Knowledge - INFO - Files processed: 0
2026-01-06 11:13:33,336 - Knowledge - INFO - Processing rate: 0.00 files/second
2026-01-06 11:13:33,569 - Knowledge - INFO - 
[TIME_BREAKDOWN]
2026-01-06 11:13:33,760 - Knowledge - INFO - File Reading: 0.00s (0.0%)
2026-01-06 11:13:33,954 - Knowledge - INFO - LLM Processing: 822.36s (1264.6%)
2026-01-06 11:13:34,126 - Knowledge - INFO - MongoDB Operations: 0.00s (0.0%)
2026-01-06 11:13:34,307 - Knowledge - INFO - Redis Operations: 0.00s (0.0%)
2026-01-06 11:13:34,479 - Knowledge - INFO - WebSocket Communication: 4.10s (6.3%)
2026-01-06 11:13:34,651 - Knowledge - INFO - 
[LLM_STATS]
2026-01-06 11:13:34,808 - Knowledge - INFO - Total LLM calls: 30
2026-01-06 11:13:34,960 - Knowledge - INFO - Average LLM response time: 27412ms
2026-01-06 11:13:35,137 - Knowledge - INFO - Average prompt tokens: 4677.0
2026-01-06 11:13:35,279 - Knowledge - INFO - Average completion tokens: 429.1
2026-01-06 11:13:35,436 - Knowledge - INFO - Total prompt tokens: 140310
2026-01-06 11:13:35,586 - Knowledge - INFO - Total completion tokens: 12872
2026-01-06 11:13:35,745 - Knowledge - INFO - Total LLM cost: $0.0192
2026-01-06 11:13:35,910 - Knowledge - INFO - 
[DATABASE_STATS]
2026-01-06 11:13:36,047 - Knowledge - INFO - MongoDB operations: 0
2026-01-06 11:13:36,233 - Knowledge - INFO - Redis operations: 0
2026-01-06 11:13:36,386 - Knowledge - INFO - 
[COMMUNICATION_STATS]
2026-01-06 11:13:36,578 - Knowledge - INFO - WebSocket messages sent: 15
2026-01-06 11:13:36,761 - Knowledge - INFO - Average message size: 134.1 bytes
2026-01-06 11:13:36,921 - Knowledge - INFO - 
[WORKER_STATS]
2026-01-06 11:13:37,093 - Knowledge - INFO - 
[FILE_TYPE_STATS]
2026-01-06 11:13:37,245 - Knowledge - INFO - 
[SLOWEST_FILES]
2026-01-06 11:13:37,438 - Knowledge - INFO - ==================================================
2026-01-06 11:13:37,590 - Knowledge - INFO - ==================================================
2026-01-06 11:13:37,762 - Knowledge - INFO - KNOWLEDGE GRAPH GENERATION PERFORMANCE SUMMARY
2026-01-06 11:13:37,913 - Knowledge - INFO - ==================================================
2026-01-06 11:13:38,115 - Knowledge - INFO - Total processing time: 70.21 seconds (1.17 minutes)
2026-01-06 11:13:38,291 - Knowledge - INFO - Files processed: 50 of 50
2026-01-06 11:13:38,470 - Knowledge - INFO - Processing rate: 0.71 files/second
2026-01-06 11:13:38,667 - Knowledge - INFO - WebSocket messages sent: 7
2026-01-06 11:13:38,818 - Knowledge - INFO - MongoDB operations: 50
2026-01-06 11:13:38,976 - Knowledge - INFO - Average MongoDB ops per file: 1.00
2026-01-06 11:13:39,142 - Knowledge - INFO - LLM costs: $0.0192
2026-01-06 11:13:39,330 - Knowledge - INFO - Prompt tokens: 140310
2026-01-06 11:13:39,493 - Knowledge - INFO - Completion tokens: 12872
2026-01-06 11:13:39,645 - Knowledge - INFO - Updating org costs, total cost: 0.019179799999999997
2026-01-06 11:13:39,938 - Knowledge - INFO - [WEBSOCKET] Sent: Type=progress_update, Size: 268, Duration: 0ms
2026-01-06 11:13:40,125 - Knowledge - INFO - Saving knowledge to Redis...
2026-01-06 11:13:40,337 - Knowledge - INFO - Knowledge saved to Redis successfully
2026-01-06 11:35:21,153 - Knowledge - INFO - Created shared MongoDB connection pool
2026-01-06 11:35:21,498 - Knowledge - INFO - Starting Knowledge Graph processing with 20 threads
2026-01-06 11:35:21,658 - Knowledge - INFO - Initial configuration: chunk_size=65536, max_cache_size=500
2026-01-06 11:35:21,838 - Knowledge - INFO - Knowledge Graph concurrency configuration: workers=20, max_batch_size=10, max_concurrent_llm_calls=50
2026-01-06 11:35:22,746 - Knowledge - INFO - 🔍 _load_persisted_knowledge called - checking for Redis optimization
2026-01-06 11:35:22,941 - Knowledge - WARNING - ❌ load_from_redis method not found - Redis support not attached
2026-01-06 11:35:23,094 - Knowledge - INFO - load persisted knowledge: begin
2026-01-06 11:35:23,798 - Knowledge - INFO - Persisted knowledge files in /app/data/tataelxsimockapisolutions5451/9209/b5070uy/Online-Examination-System-9209/.knowledge have been renamed to use .json
2026-01-06 11:35:23,974 - Knowledge - INFO - Found code-base-name: https://github.com/kavia-common/Online-Examination-System-9209.git:kavia-master
2026-01-06 11:35:24,160 - Knowledge - INFO - Found code_base: <app.utils.kg_build.knowledge.KnowledgeCodeBase object at 0x7f76b6228510>
2026-01-06 11:35:24,465 - Knowledge - INFO - Found code-base-name: https://github.com/kavia-common/Online-Examination-System-9209.git:kavia-master
2026-01-06 11:35:24,622 - Knowledge - INFO - Found code_base: <app.utils.kg_build.knowledge.KnowledgeCodeBase object at 0x7f76b6228510>
2026-01-06 11:35:24,817 - Knowledge - INFO - persist ingested knowledge for /app/data/tataelxsimockapisolutions5451/9209/b5070uy/Online-Examination-System-9209/OnlineExamSystem/Properties/AssemblyInfo.cs
2026-01-06 11:35:25,062 - Knowledge - INFO - [MONGODB_OP] Completed: persist, Collection: file_info, Duration: 94ms
2026-01-06 11:35:25,980 - Knowledge - INFO - [REDIS_OP] Completed: store_embedding, Key: OnlineExamSystem/Properties/AssemblyInfo.cs, Duration: 734ms
2026-01-06 11:35:26,150 - Knowledge - INFO - persist search terms embedding for OnlineExamSystem/Properties/AssemblyInfo.cs
2026-01-06 11:35:26,320 - Knowledge - INFO - process ingested knowledge for /app/data/tataelxsimockapisolutions5451/9209/b5070uy/Online-Examination-System-9209/OnlineExamSystem/Properties/AssemblyInfo.cs
2026-01-06 11:35:26,509 - Knowledge - INFO - Found code-base-name: https://github.com/kavia-common/Online-Examination-System-9209.git:kavia-master
2026-01-06 11:35:26,680 - Knowledge - INFO - Found code_base: <app.utils.kg_build.knowledge.KnowledgeCodeBase object at 0x7f76b6228510>
2026-01-06 11:35:26,912 - Knowledge - INFO - Found code-base-name: https://github.com/kavia-common/Online-Examination-System-9209.git:kavia-master
2026-01-06 11:35:27,150 - Knowledge - INFO - Found code_base: <app.utils.kg_build.knowledge.KnowledgeCodeBase object at 0x7f76b6228510>
2026-01-06 11:35:27,346 - Knowledge - INFO - persist ingested knowledge for /app/data/tataelxsimockapisolutions5451/9209/b5070uy/Online-Examination-System-9209/OnlineExamSystem/AdminLeaderboard.aspx.cs
2026-01-06 11:35:27,642 - Knowledge - INFO - [MONGODB_OP] Completed: persist, Collection: file_info, Duration: 92ms
2026-01-06 11:35:28,219 - Knowledge - INFO - [REDIS_OP] Completed: store_embedding, Key: OnlineExamSystem/AdminLeaderboard.aspx.cs, Duration: 372ms
2026-01-06 11:35:28,389 - Knowledge - INFO - persist search terms embedding for OnlineExamSystem/AdminLeaderboard.aspx.cs
2026-01-06 11:35:28,554 - Knowledge - INFO - process ingested knowledge for /app/data/tataelxsimockapisolutions5451/9209/b5070uy/Online-Examination-System-9209/OnlineExamSystem/AdminLeaderboard.aspx.cs
2026-01-06 11:35:28,757 - Knowledge - INFO - Found code-base-name: https://github.com/kavia-common/Online-Examination-System-9209.git:kavia-master
2026-01-06 11:35:28,920 - Knowledge - INFO - Found code_base: <app.utils.kg_build.knowledge.KnowledgeCodeBase object at 0x7f76b6228510>
2026-01-06 11:35:29,156 - Knowledge - INFO - Found code-base-name: https://github.com/kavia-common/Online-Examination-System-9209.git:kavia-master
2026-01-06 11:35:29,367 - Knowledge - INFO - Found code_base: <app.utils.kg_build.knowledge.KnowledgeCodeBase object at 0x7f76b6228510>
2026-01-06 11:35:29,534 - Knowledge - INFO - persist ingested knowledge for /app/data/tataelxsimockapisolutions5451/9209/b5070uy/Online-Examination-System-9209/OnlineExamSystem/AdminCourseQueue.aspx.designer.cs
2026-01-06 11:35:29,809 - Knowledge - INFO - [MONGODB_OP] Completed: persist, Collection: file_info, Duration: 86ms
2026-01-06 11:35:30,246 - Knowledge - INFO - [REDIS_OP] Completed: store_embedding, Key: OnlineExamSystem/AdminCourseQueue.aspx.designer.cs, Duration: 219ms
2026-01-06 11:35:30,464 - Knowledge - INFO - persist search terms embedding for OnlineExamSystem/AdminCourseQueue.aspx.designer.cs
2026-01-06 11:35:30,671 - Knowledge - INFO - process ingested knowledge for /app/data/tataelxsimockapisolutions5451/9209/b5070uy/Online-Examination-System-9209/OnlineExamSystem/AdminCourseQueue.aspx.designer.cs
2026-01-06 11:35:30,881 - Knowledge - INFO - Found code-base-name: https://github.com/kavia-common/Online-Examination-System-9209.git:kavia-master
2026-01-06 11:35:31,055 - Knowledge - INFO - Found code_base: <app.utils.kg_build.knowledge.KnowledgeCodeBase object at 0x7f76b6228510>
2026-01-06 11:35:31,302 - Knowledge - INFO - Found code-base-name: https://github.com/kavia-common/Online-Examination-System-9209.git:kavia-master
2026-01-06 11:35:31,500 - Knowledge - INFO - Found code_base: <app.utils.kg_build.knowledge.KnowledgeCodeBase object at 0x7f76b6228510>
2026-01-06 11:35:31,718 - Knowledge - INFO - persist ingested knowledge for /app/data/tataelxsimockapisolutions5451/9209/b5070uy/Online-Examination-System-9209/OnlineExamSystem/AdminQueue.aspx.cs
2026-01-06 11:35:31,973 - Knowledge - INFO - [MONGODB_OP] Completed: persist, Collection: file_info, Duration: 91ms
2026-01-06 11:35:32,350 - Knowledge - INFO - [REDIS_OP] Completed: store_embedding, Key: OnlineExamSystem/AdminQueue.aspx.cs, Duration: 227ms
2026-01-06 11:35:32,546 - Knowledge - INFO - persist search terms embedding for OnlineExamSystem/AdminQueue.aspx.cs
2026-01-06 11:35:32,744 - Knowledge - INFO - process ingested knowledge for /app/data/tataelxsimockapisolutions5451/9209/b5070uy/Online-Examination-System-9209/OnlineExamSystem/AdminQueue.aspx.cs
2026-01-06 11:35:32,944 - Knowledge - INFO - Found code-base-name: https://github.com/kavia-common/Online-Examination-System-9209.git:kavia-master
2026-01-06 11:35:33,112 - Knowledge - INFO - Found code_base: <app.utils.kg_build.knowledge.KnowledgeCodeBase object at 0x7f76b6228510>
2026-01-06 11:35:33,382 - Knowledge - INFO - Found code-base-name: https://github.com/kavia-common/Online-Examination-System-9209.git:kavia-master
2026-01-06 11:35:33,542 - Knowledge - INFO - Found code_base: <app.utils.kg_build.knowledge.KnowledgeCodeBase object at 0x7f76b6228510>
2026-01-06 11:35:33,754 - Knowledge - INFO - persist ingested knowledge for /app/data/tataelxsimockapisolutions5451/9209/b5070uy/Online-Examination-System-9209/OnlineExamSystem/TheorySet.aspx.designer.cs
2026-01-06 11:35:34,004 - Knowledge - INFO - [MONGODB_OP] Completed: persist, Collection: file_info, Duration: 83ms
2026-01-06 11:35:34,441 - Knowledge - INFO - [REDIS_OP] Completed: store_embedding, Key: OnlineExamSystem/TheorySet.aspx.designer.cs, Duration: 277ms
2026-01-06 11:35:34,650 - Knowledge - INFO - persist search terms embedding for OnlineExamSystem/TheorySet.aspx.designer.cs
2026-01-06 11:35:34,811 - Knowledge - INFO - process ingested knowledge for /app/data/tataelxsimockapisolutions5451/9209/b5070uy/Online-Examination-System-9209/OnlineExamSystem/TheorySet.aspx.designer.cs
2026-01-06 11:35:35,050 - Knowledge - INFO - Found code-base-name: https://github.com/kavia-common/Online-Examination-System-9209.git:kavia-master
2026-01-06 11:35:35,218 - Knowledge - INFO - Found code_base: <app.utils.kg_build.knowledge.KnowledgeCodeBase object at 0x7f76b6228510>
2026-01-06 11:35:35,518 - Knowledge - INFO - Found code-base-name: https://github.com/kavia-common/Online-Examination-System-9209.git:kavia-master
2026-01-06 11:35:35,720 - Knowledge - INFO - Found code_base: <app.utils.kg_build.knowledge.KnowledgeCodeBase object at 0x7f76b6228510>
2026-01-06 11:35:35,961 - Knowledge - INFO - persist ingested knowledge for /app/data/tataelxsimockapisolutions5451/9209/b5070uy/Online-Examination-System-9209/OnlineExamSystem/EditMCQ.aspx.designer.cs
2026-01-06 11:35:36,277 - Knowledge - INFO - [MONGODB_OP] Completed: persist, Collection: file_info, Duration: 83ms
2026-01-06 11:35:36,678 - Knowledge - INFO - [REDIS_OP] Completed: store_embedding, Key: OnlineExamSystem/EditMCQ.aspx.designer.cs, Duration: 223ms
2026-01-06 11:35:36,919 - Knowledge - INFO - persist search terms embedding for OnlineExamSystem/EditMCQ.aspx.designer.cs
2026-01-06 11:35:37,093 - Knowledge - INFO - process ingested knowledge for /app/data/tataelxsimockapisolutions5451/9209/b5070uy/Online-Examination-System-9209/OnlineExamSystem/EditMCQ.aspx.designer.cs
2026-01-06 11:35:37,299 - Knowledge - INFO - Found code-base-name: https://github.com/kavia-common/Online-Examination-System-9209.git:kavia-master
2026-01-06 11:35:37,475 - Knowledge - INFO - Found code_base: <app.utils.kg_build.knowledge.KnowledgeCodeBase object at 0x7f76b6228510>
2026-01-06 11:35:37,743 - Knowledge - INFO - Found code-base-name: https://github.com/kavia-common/Online-Examination-System-9209.git:kavia-master
2026-01-06 11:35:37,906 - Knowledge - INFO - Found code_base: <app.utils.kg_build.knowledge.KnowledgeCodeBase object at 0x7f76b6228510>
2026-01-06 11:35:38,076 - Knowledge - INFO - persist ingested knowledge for /app/data/tataelxsimockapisolutions5451/9209/b5070uy/Online-Examination-System-9209/OnlineExamSystem/LoginPage.aspx.cs
2026-01-06 11:35:38,326 - Knowledge - INFO - [MONGODB_OP] Completed: persist, Collection: file_info, Duration: 78ms
2026-01-06 11:35:38,907 - Knowledge - INFO - [REDIS_OP] Completed: store_embedding, Key: OnlineExamSystem/LoginPage.aspx.cs, Duration: 326ms
2026-01-06 11:35:39,070 - Knowledge - INFO - persist search terms embedding for OnlineExamSystem/LoginPage.aspx.cs
2026-01-06 11:35:39,238 - Knowledge - INFO - process ingested knowledge for /app/data/tataelxsimockapisolutions5451/9209/b5070uy/Online-Examination-System-9209/OnlineExamSystem/LoginPage.aspx.cs
2026-01-06 11:35:39,435 - Knowledge - INFO - Found code-base-name: https://github.com/kavia-common/Online-Examination-System-9209.git:kavia-master
2026-01-06 11:35:39,615 - Knowledge - INFO - Found code_base: <app.utils.kg_build.knowledge.KnowledgeCodeBase object at 0x7f76b6228510>
2026-01-06 11:35:39,889 - Knowledge - INFO - Found code-base-name: https://github.com/kavia-common/Online-Examination-System-9209.git:kavia-master
2026-01-06 11:35:40,050 - Knowledge - INFO - Found code_base: <app.utils.kg_build.knowledge.KnowledgeCodeBase object at 0x7f76b6228510>
2026-01-06 11:35:40,254 - Knowledge - INFO - persist ingested knowledge for /app/data/tataelxsimockapisolutions5451/9209/b5070uy/Online-Examination-System-9209/database-script/Online-Examination-System-Databse-Script.sql
2026-01-06 11:35:40,526 - Knowledge - INFO - [MONGODB_OP] Completed: persist, Collection: file_info, Duration: 108ms
2026-01-06 11:35:40,950 - Knowledge - INFO - [REDIS_OP] Completed: store_embedding, Key: database-script/Online-Examination-System-Databse-Script.sql, Duration: 249ms
2026-01-06 11:35:41,130 - Knowledge - INFO - persist search terms embedding for database-script/Online-Examination-System-Databse-Script.sql
2026-01-06 11:35:41,303 - Knowledge - INFO - process ingested knowledge for /app/data/tataelxsimockapisolutions5451/9209/b5070uy/Online-Examination-System-9209/database-script/Online-Examination-System-Databse-Script.sql
2026-01-06 11:35:41,487 - Knowledge - INFO - Found code-base-name: https://github.com/kavia-common/Online-Examination-System-9209.git:kavia-master
2026-01-06 11:35:41,686 - Knowledge - INFO - Found code_base: <app.utils.kg_build.knowledge.KnowledgeCodeBase object at 0x7f76b6228510>
2026-01-06 11:35:41,941 - Knowledge - INFO - Found code-base-name: https://github.com/kavia-common/Online-Examination-System-9209.git:kavia-master
2026-01-06 11:35:42,122 - Knowledge - INFO - Found code_base: <app.utils.kg_build.knowledge.KnowledgeCodeBase object at 0x7f76b6228510>
2026-01-06 11:35:42,331 - Knowledge - INFO - persist ingested knowledge for /app/data/tataelxsimockapisolutions5451/9209/b5070uy/Online-Examination-System-9209/OnlineExamSystem/TheoryExam.aspx.cs
2026-01-06 11:35:42,597 - Knowledge - INFO - [MONGODB_OP] Completed: persist, Collection: file_info, Duration: 100ms
2026-01-06 11:35:42,973 - Knowledge - INFO - [REDIS_OP] Completed: store_embedding, Key: OnlineExamSystem/TheoryExam.aspx.cs, Duration: 211ms
2026-01-06 11:35:43,132 - Knowledge - INFO - persist search terms embedding for OnlineExamSystem/TheoryExam.aspx.cs
2026-01-06 11:35:43,295 - Knowledge - INFO - process ingested knowledge for /app/data/tataelxsimockapisolutions5451/9209/b5070uy/Online-Examination-System-9209/OnlineExamSystem/TheoryExam.aspx.cs
2026-01-06 11:35:43,477 - Knowledge - INFO - Found code-base-name: https://github.com/kavia-common/Online-Examination-System-9209.git:kavia-master
2026-01-06 11:35:43,676 - Knowledge - INFO - Found code_base: <app.utils.kg_build.knowledge.KnowledgeCodeBase object at 0x7f76b6228510>
2026-01-06 11:35:43,916 - Knowledge - INFO - Found code-base-name: https://github.com/kavia-common/Online-Examination-System-9209.git:kavia-master
2026-01-06 11:35:44,095 - Knowledge - INFO - Found code_base: <app.utils.kg_build.knowledge.KnowledgeCodeBase object at 0x7f76b6228510>
2026-01-06 11:35:44,290 - Knowledge - INFO - persist ingested knowledge for /app/data/tataelxsimockapisolutions5451/9209/b5070uy/Online-Examination-System-9209/OnlineExamSystem/TakenCourses.aspx.designer.cs
2026-01-06 11:35:44,562 - Knowledge - INFO - [MONGODB_OP] Completed: persist, Collection: file_info, Duration: 106ms
2026-01-06 11:35:45,004 - Knowledge - INFO - [REDIS_OP] Completed: store_embedding, Key: OnlineExamSystem/TakenCourses.aspx.designer.cs, Duration: 265ms
2026-01-06 11:35:45,193 - Knowledge - INFO - persist search terms embedding for OnlineExamSystem/TakenCourses.aspx.designer.cs
2026-01-06 11:35:45,376 - Knowledge - INFO - process ingested knowledge for /app/data/tataelxsimockapisolutions5451/9209/b5070uy/Online-Examination-System-9209/OnlineExamSystem/TakenCourses.aspx.designer.cs
2026-01-06 11:35:45,541 - Knowledge - INFO - Found code-base-name: https://github.com/kavia-common/Online-Examination-System-9209.git:kavia-master
2026-01-06 11:35:45,750 - Knowledge - INFO - Found code_base: <app.utils.kg_build.knowledge.KnowledgeCodeBase object at 0x7f76b6228510>
2026-01-06 11:35:46,022 - Knowledge - INFO - Found code-base-name: https://github.com/kavia-common/Online-Examination-System-9209.git:kavia-master
2026-01-06 11:35:46,225 - Knowledge - INFO - Found code_base: <app.utils.kg_build.knowledge.KnowledgeCodeBase object at 0x7f76b6228510>
2026-01-06 11:35:46,416 - Knowledge - INFO - persist ingested knowledge for /app/data/tataelxsimockapisolutions5451/9209/b5070uy/Online-Examination-System-9209/OnlineExamSystem/SetExam.aspx.designer.cs
2026-01-06 11:35:46,679 - Knowledge - INFO - [MONGODB_OP] Completed: persist, Collection: file_info, Duration: 93ms
2026-01-06 11:35:47,134 - Knowledge - INFO - [REDIS_OP] Completed: store_embedding, Key: OnlineExamSystem/SetExam.aspx.designer.cs, Duration: 248ms
2026-01-06 11:35:47,345 - Knowledge - INFO - persist search terms embedding for OnlineExamSystem/SetExam.aspx.designer.cs
2026-01-06 11:35:47,518 - Knowledge - INFO - process ingested knowledge for /app/data/tataelxsimockapisolutions5451/9209/b5070uy/Online-Examination-System-9209/OnlineExamSystem/SetExam.aspx.designer.cs
2026-01-06 11:35:47,698 - Knowledge - INFO - Found code-base-name: https://github.com/kavia-common/Online-Examination-System-9209.git:kavia-master
2026-01-06 11:35:47,866 - Knowledge - INFO - Found code_base: <app.utils.kg_build.knowledge.KnowledgeCodeBase object at 0x7f76b6228510>
2026-01-06 11:35:48,146 - Knowledge - INFO - Found code-base-name: https://github.com/kavia-common/Online-Examination-System-9209.git:kavia-master
2026-01-06 11:35:48,293 - Knowledge - INFO - Found code_base: <app.utils.kg_build.knowledge.KnowledgeCodeBase object at 0x7f76b6228510>
2026-01-06 11:35:48,471 - Knowledge - INFO - persist ingested knowledge for /app/data/tataelxsimockapisolutions5451/9209/b5070uy/Online-Examination-System-9209/OnlineExamSystem/ShowAns.aspx.designer.cs
2026-01-06 11:35:48,801 - Knowledge - INFO - [MONGODB_OP] Completed: persist, Collection: file_info, Duration: 91ms
2026-01-06 11:35:49,168 - Knowledge - INFO - [REDIS_OP] Completed: store_embedding, Key: OnlineExamSystem/ShowAns.aspx.designer.cs, Duration: 204ms
2026-01-06 11:35:49,359 - Knowledge - INFO - persist search terms embedding for OnlineExamSystem/ShowAns.aspx.designer.cs
2026-01-06 11:35:49,536 - Knowledge - INFO - process ingested knowledge for /app/data/tataelxsimockapisolutions5451/9209/b5070uy/Online-Examination-System-9209/OnlineExamSystem/ShowAns.aspx.designer.cs
2026-01-06 11:35:49,702 - Knowledge - INFO - Found code-base-name: https://github.com/kavia-common/Online-Examination-System-9209.git:kavia-master
2026-01-06 11:35:49,901 - Knowledge - INFO - Found code_base: <app.utils.kg_build.knowledge.KnowledgeCodeBase object at 0x7f76b6228510>
2026-01-06 11:35:50,183 - Knowledge - INFO - Found code-base-name: https://github.com/kavia-common/Online-Examination-System-9209.git:kavia-master
2026-01-06 11:35:50,386 - Knowledge - INFO - Found code_base: <app.utils.kg_build.knowledge.KnowledgeCodeBase object at 0x7f76b6228510>
2026-01-06 11:35:50,539 - Knowledge - INFO - persist ingested knowledge for /app/data/tataelxsimockapisolutions5451/9209/b5070uy/Online-Examination-System-9209/OnlineExamSystem/SignUpPage.aspx.designer.cs
2026-01-06 11:35:50,823 - Knowledge - INFO - [MONGODB_OP] Completed: persist, Collection: file_info, Duration: 92ms
2026-01-06 11:35:51,462 - Knowledge - INFO - [REDIS_OP] Completed: store_embedding, Key: OnlineExamSystem/SignUpPage.aspx.designer.cs, Duration: 437ms
2026-01-06 11:35:51,661 - Knowledge - INFO - persist search terms embedding for OnlineExamSystem/SignUpPage.aspx.designer.cs
2026-01-06 11:35:51,915 - Knowledge - INFO - process ingested knowledge for /app/data/tataelxsimockapisolutions5451/9209/b5070uy/Online-Examination-System-9209/OnlineExamSystem/SignUpPage.aspx.designer.cs
2026-01-06 11:35:52,073 - Knowledge - INFO - Found code-base-name: https://github.com/kavia-common/Online-Examination-System-9209.git:kavia-master
2026-01-06 11:35:52,253 - Knowledge - INFO - Found code_base: <app.utils.kg_build.knowledge.KnowledgeCodeBase object at 0x7f76b6228510>
2026-01-06 11:35:52,541 - Knowledge - INFO - Found code-base-name: https://github.com/kavia-common/Online-Examination-System-9209.git:kavia-master
2026-01-06 11:35:52,714 - Knowledge - INFO - Found code_base: <app.utils.kg_build.knowledge.KnowledgeCodeBase object at 0x7f76b6228510>
2026-01-06 11:35:52,884 - Knowledge - INFO - persist ingested knowledge for /app/data/tataelxsimockapisolutions5451/9209/b5070uy/Online-Examination-System-9209/OnlineExamSystem/DownloadPdf.aspx.cs
2026-01-06 11:35:53,205 - Knowledge - INFO - [MONGODB_OP] Completed: persist, Collection: file_info, Duration: 83ms
2026-01-06 11:35:53,647 - Knowledge - INFO - [REDIS_OP] Completed: store_embedding, Key: OnlineExamSystem/DownloadPdf.aspx.cs, Duration: 230ms
2026-01-06 11:35:53,854 - Knowledge - INFO - persist search terms embedding for OnlineExamSystem/DownloadPdf.aspx.cs
2026-01-06 11:35:54,091 - Knowledge - INFO - process ingested knowledge for /app/data/tataelxsimockapisolutions5451/9209/b5070uy/Online-Examination-System-9209/OnlineExamSystem/DownloadPdf.aspx.cs
2026-01-06 11:35:54,281 - Knowledge - INFO - Found code-base-name: https://github.com/kavia-common/Online-Examination-System-9209.git:kavia-master
2026-01-06 11:35:54,445 - Knowledge - INFO - Found code_base: <app.utils.kg_build.knowledge.KnowledgeCodeBase object at 0x7f76b6228510>
2026-01-06 11:35:54,720 - Knowledge - INFO - Found code-base-name: https://github.com/kavia-common/Online-Examination-System-9209.git:kavia-master
2026-01-06 11:35:54,893 - Knowledge - INFO - Found code_base: <app.utils.kg_build.knowledge.KnowledgeCodeBase object at 0x7f76b6228510>
2026-01-06 11:35:55,081 - Knowledge - INFO - persist ingested knowledge for /app/data/tataelxsimockapisolutions5451/9209/b5070uy/Online-Examination-System-9209/OnlineExamSystem/ExamResult.aspx.cs
2026-01-06 11:35:55,387 - Knowledge - INFO - [MONGODB_OP] Completed: persist, Collection: file_info, Duration: 90ms
2026-01-06 11:35:55,796 - Knowledge - INFO - [REDIS_OP] Completed: store_embedding, Key: OnlineExamSystem/ExamResult.aspx.cs, Duration: 220ms
2026-01-06 11:35:55,991 - Knowledge - INFO - persist search terms embedding for OnlineExamSystem/ExamResult.aspx.cs
2026-01-06 11:35:56,215 - Knowledge - INFO - process ingested knowledge for /app/data/tataelxsimockapisolutions5451/9209/b5070uy/Online-Examination-System-9209/OnlineExamSystem/ExamResult.aspx.cs
2026-01-06 11:35:56,410 - Knowledge - INFO - Found code-base-name: https://github.com/kavia-common/Online-Examination-System-9209.git:kavia-master
2026-01-06 11:35:56,595 - Knowledge - INFO - Found code_base: <app.utils.kg_build.knowledge.KnowledgeCodeBase object at 0x7f76b6228510>
2026-01-06 11:35:56,876 - Knowledge - INFO - Found code-base-name: https://github.com/kavia-common/Online-Examination-System-9209.git:kavia-master
2026-01-06 11:35:57,033 - Knowledge - INFO - Found code_base: <app.utils.kg_build.knowledge.KnowledgeCodeBase object at 0x7f76b6228510>
2026-01-06 11:35:57,203 - Knowledge - INFO - persist ingested knowledge for /app/data/tataelxsimockapisolutions5451/9209/b5070uy/Online-Examination-System-9209/OnlineExamSystem/EditTheory.aspx.designer.cs
2026-01-06 11:35:57,521 - Knowledge - INFO - [MONGODB_OP] Completed: persist, Collection: file_info, Duration: 97ms
2026-01-06 11:35:57,937 - Knowledge - INFO - [REDIS_OP] Completed: store_embedding, Key: OnlineExamSystem/EditTheory.aspx.designer.cs, Duration: 205ms
2026-01-06 11:35:58,138 - Knowledge - INFO - persist search terms embedding for OnlineExamSystem/EditTheory.aspx.designer.cs
2026-01-06 11:35:58,374 - Knowledge - INFO - process ingested knowledge for /app/data/tataelxsimockapisolutions5451/9209/b5070uy/Online-Examination-System-9209/OnlineExamSystem/EditTheory.aspx.designer.cs
2026-01-06 11:35:58,536 - Knowledge - INFO - Found code-base-name: https://github.com/kavia-common/Online-Examination-System-9209.git:kavia-master
2026-01-06 11:35:58,719 - Knowledge - INFO - Found code_base: <app.utils.kg_build.knowledge.KnowledgeCodeBase object at 0x7f76b6228510>
2026-01-06 11:35:58,995 - Knowledge - INFO - Found code-base-name: https://github.com/kavia-common/Online-Examination-System-9209.git:kavia-master
2026-01-06 11:35:59,194 - Knowledge - INFO - Found code_base: <app.utils.kg_build.knowledge.KnowledgeCodeBase object at 0x7f76b6228510>
2026-01-06 11:35:59,370 - Knowledge - INFO - persist ingested knowledge for /app/data/tataelxsimockapisolutions5451/9209/b5070uy/Online-Examination-System-9209/OnlineExamSystem/EditExam.aspx.designer.cs
2026-01-06 11:35:59,655 - Knowledge - INFO - [MONGODB_OP] Completed: persist, Collection: file_info, Duration: 91ms
2026-01-06 11:36:00,026 - Knowledge - INFO - [REDIS_OP] Completed: store_embedding, Key: OnlineExamSystem/EditExam.aspx.designer.cs, Duration: 208ms
2026-01-06 11:36:00,219 - Knowledge - INFO - persist search terms embedding for OnlineExamSystem/EditExam.aspx.designer.cs
2026-01-06 11:36:00,456 - Knowledge - INFO - process ingested knowledge for /app/data/tataelxsimockapisolutions5451/9209/b5070uy/Online-Examination-System-9209/OnlineExamSystem/EditExam.aspx.designer.cs
2026-01-06 11:36:00,638 - Knowledge - INFO - Found code-base-name: https://github.com/kavia-common/Online-Examination-System-9209.git:kavia-master
2026-01-06 11:36:00,795 - Knowledge - INFO - Found code_base: <app.utils.kg_build.knowledge.KnowledgeCodeBase object at 0x7f76b6228510>
2026-01-06 11:36:01,078 - Knowledge - INFO - Found code-base-name: https://github.com/kavia-common/Online-Examination-System-9209.git:kavia-master
2026-01-06 11:36:01,235 - Knowledge - INFO - Found code_base: <app.utils.kg_build.knowledge.KnowledgeCodeBase object at 0x7f76b6228510>
2026-01-06 11:36:01,408 - Knowledge - INFO - persist ingested knowledge for /app/data/tataelxsimockapisolutions5451/9209/b5070uy/Online-Examination-System-9209/OnlineExamSystem/UserProfile.aspx.cs
2026-01-06 11:36:01,697 - Knowledge - INFO - [MONGODB_OP] Completed: persist, Collection: file_info, Duration: 89ms
2026-01-06 11:36:02,124 - Knowledge - INFO - [REDIS_OP] Completed: store_embedding, Key: OnlineExamSystem/UserProfile.aspx.cs, Duration: 268ms
2026-01-06 11:36:02,326 - Knowledge - INFO - persist search terms embedding for OnlineExamSystem/UserProfile.aspx.cs
2026-01-06 11:36:02,529 - Knowledge - INFO - process ingested knowledge for /app/data/tataelxsimockapisolutions5451/9209/b5070uy/Online-Examination-System-9209/OnlineExamSystem/UserProfile.aspx.cs
2026-01-06 11:36:02,716 - Knowledge - INFO - Found code-base-name: https://github.com/kavia-common/Online-Examination-System-9209.git:kavia-master
2026-01-06 11:36:02,885 - Knowledge - INFO - Found code_base: <app.utils.kg_build.knowledge.KnowledgeCodeBase object at 0x7f76b6228510>
2026-01-06 11:36:03,198 - Knowledge - INFO - Found code-base-name: https://github.com/kavia-common/Online-Examination-System-9209.git:kavia-master
2026-01-06 11:36:03,428 - Knowledge - INFO - Found code_base: <app.utils.kg_build.knowledge.KnowledgeCodeBase object at 0x7f76b6228510>
2026-01-06 11:36:03,604 - Knowledge - INFO - persist ingested knowledge for /app/data/tataelxsimockapisolutions5451/9209/b5070uy/Online-Examination-System-9209/OnlineExamSystem/Dashboard.aspx.cs
2026-01-06 11:36:03,872 - Knowledge - INFO - [MONGODB_OP] Completed: persist, Collection: file_info, Duration: 90ms
2026-01-06 11:36:04,447 - Knowledge - INFO - [REDIS_OP] Completed: store_embedding, Key: OnlineExamSystem/Dashboard.aspx.cs, Duration: 399ms
2026-01-06 11:36:04,659 - Knowledge - INFO - persist search terms embedding for OnlineExamSystem/Dashboard.aspx.cs
2026-01-06 11:36:04,846 - Knowledge - INFO - process ingested knowledge for /app/data/tataelxsimockapisolutions5451/9209/b5070uy/Online-Examination-System-9209/OnlineExamSystem/Dashboard.aspx.cs
2026-01-06 11:36:05,024 - Knowledge - INFO - Found code-base-name: https://github.com/kavia-common/Online-Examination-System-9209.git:kavia-master
2026-01-06 11:36:05,209 - Knowledge - INFO - Found code_base: <app.utils.kg_build.knowledge.KnowledgeCodeBase object at 0x7f76b6228510>
2026-01-06 11:36:05,489 - Knowledge - INFO - Found code-base-name: https://github.com/kavia-common/Online-Examination-System-9209.git:kavia-master
2026-01-06 11:36:05,678 - Knowledge - INFO - Found code_base: <app.utils.kg_build.knowledge.KnowledgeCodeBase object at 0x7f76b6228510>
2026-01-06 11:36:05,829 - Knowledge - INFO - persist ingested knowledge for /app/data/tataelxsimockapisolutions5451/9209/b5070uy/Online-Examination-System-9209/OnlineExamSystem/StartExam.aspx.designer.cs
2026-01-06 11:36:06,121 - Knowledge - INFO - [MONGODB_OP] Completed: persist, Collection: file_info, Duration: 87ms
2026-01-06 11:36:06,464 - Knowledge - INFO - [REDIS_OP] Completed: store_embedding, Key: OnlineExamSystem/StartExam.aspx.designer.cs, Duration: 175ms
2026-01-06 11:36:06,664 - Knowledge - INFO - persist search terms embedding for OnlineExamSystem/StartExam.aspx.designer.cs
2026-01-06 11:36:06,873 - Knowledge - INFO - process ingested knowledge for /app/data/tataelxsimockapisolutions5451/9209/b5070uy/Online-Examination-System-9209/OnlineExamSystem/StartExam.aspx.designer.cs
2026-01-06 11:36:07,053 - Knowledge - INFO - Found code-base-name: https://github.com/kavia-common/Online-Examination-System-9209.git:kavia-master
2026-01-06 11:36:07,221 - Knowledge - INFO - Found code_base: <app.utils.kg_build.knowledge.KnowledgeCodeBase object at 0x7f76b6228510>
2026-01-06 11:36:07,478 - Knowledge - INFO - Found code-base-name: https://github.com/kavia-common/Online-Examination-System-9209.git:kavia-master
2026-01-06 11:36:07,679 - Knowledge - INFO - Found code_base: <app.utils.kg_build.knowledge.KnowledgeCodeBase object at 0x7f76b6228510>
2026-01-06 11:36:07,875 - Knowledge - INFO - persist ingested knowledge for /app/data/tataelxsimockapisolutions5451/9209/b5070uy/Online-Examination-System-9209/OnlineExamSystem/AdminPanel.aspx.designer.cs
2026-01-06 11:36:08,161 - Knowledge - INFO - [MONGODB_OP] Completed: persist, Collection: file_info, Duration: 92ms
2026-01-06 11:36:08,593 - Knowledge - INFO - [REDIS_OP] Completed: store_embedding, Key: OnlineExamSystem/AdminPanel.aspx.designer.cs, Duration: 219ms
2026-01-06 11:36:08,772 - Knowledge - INFO - persist search terms embedding for OnlineExamSystem/AdminPanel.aspx.designer.cs
2026-01-06 11:36:08,925 - Knowledge - INFO - process ingested knowledge for /app/data/tataelxsimockapisolutions5451/9209/b5070uy/Online-Examination-System-9209/OnlineExamSystem/AdminPanel.aspx.designer.cs
2026-01-06 11:36:09,124 - Knowledge - INFO - Found code-base-name: https://github.com/kavia-common/Online-Examination-System-9209.git:kavia-master
2026-01-06 11:36:09,348 - Knowledge - INFO - Found code_base: <app.utils.kg_build.knowledge.KnowledgeCodeBase object at 0x7f76b6228510>
2026-01-06 11:36:09,566 - Knowledge - INFO - Found code-base-name: https://github.com/kavia-common/Online-Examination-System-9209.git:kavia-master
2026-01-06 11:36:09,768 - Knowledge - INFO - Found code_base: <app.utils.kg_build.knowledge.KnowledgeCodeBase object at 0x7f76b6228510>
2026-01-06 11:36:09,937 - Knowledge - INFO - persist ingested knowledge for /app/data/tataelxsimockapisolutions5451/9209/b5070uy/Online-Examination-System-9209/packages/Microsoft.CodeDom.Providers.DotNetCompilerPlatform.1.0.0/lib/net45/Microsoft.CodeDom.Providers.DotNetCompilerPlatform.xml
2026-01-06 11:36:10,253 - Knowledge - INFO - [MONGODB_OP] Completed: persist, Collection: file_info, Duration: 107ms
2026-01-06 11:36:10,706 - Knowledge - INFO - [REDIS_OP] Completed: store_embedding, Key: packages/Microsoft.CodeDom.Providers.DotNetCompilerPlatform.1.0.0/lib/net45/Microsoft.CodeDom.Providers.DotNetCompilerPlatform.xml, Duration: 242ms
2026-01-06 11:36:10,880 - Knowledge - INFO - persist search terms embedding for packages/Microsoft.CodeDom.Providers.DotNetCompilerPlatform.1.0.0/lib/net45/Microsoft.CodeDom.Providers.DotNetCompilerPlatform.xml
2026-01-06 11:36:11,097 - Knowledge - INFO - process ingested knowledge for /app/data/tataelxsimockapisolutions5451/9209/b5070uy/Online-Examination-System-9209/packages/Microsoft.CodeDom.Providers.DotNetCompilerPlatform.1.0.0/lib/net45/Microsoft.CodeDom.Providers.DotNetCompilerPlatform.xml
2026-01-06 11:36:11,287 - Knowledge - INFO - Found code-base-name: https://github.com/kavia-common/Online-Examination-System-9209.git:kavia-master
2026-01-06 11:36:11,484 - Knowledge - INFO - Found code_base: <app.utils.kg_build.knowledge.KnowledgeCodeBase object at 0x7f76b6228510>
2026-01-06 11:36:11,710 - Knowledge - INFO - Found code-base-name: https://github.com/kavia-common/Online-Examination-System-9209.git:kavia-master
2026-01-06 11:36:11,871 - Knowledge - INFO - Found code_base: <app.utils.kg_build.knowledge.KnowledgeCodeBase object at 0x7f76b6228510>
2026-01-06 11:36:12,043 - Knowledge - INFO - persist ingested knowledge for /app/data/tataelxsimockapisolutions5451/9209/b5070uy/Online-Examination-System-9209/OnlineExamSystem/Leaderboard.aspx.designer.cs
2026-01-06 11:36:12,376 - Knowledge - INFO - [MONGODB_OP] Completed: persist, Collection: file_info, Duration: 134ms
2026-01-06 11:36:12,756 - Knowledge - INFO - [REDIS_OP] Completed: store_embedding, Key: OnlineExamSystem/Leaderboard.aspx.designer.cs, Duration: 202ms
2026-01-06 11:36:12,934 - Knowledge - INFO - persist search terms embedding for OnlineExamSystem/Leaderboard.aspx.designer.cs
2026-01-06 11:36:13,134 - Knowledge - INFO - process ingested knowledge for /app/data/tataelxsimockapisolutions5451/9209/b5070uy/Online-Examination-System-9209/OnlineExamSystem/Leaderboard.aspx.designer.cs
2026-01-06 11:36:13,300 - Knowledge - INFO - Found code-base-name: https://github.com/kavia-common/Online-Examination-System-9209.git:kavia-master
2026-01-06 11:36:13,459 - Knowledge - INFO - Found code_base: <app.utils.kg_build.knowledge.KnowledgeCodeBase object at 0x7f76b6228510>
2026-01-06 11:36:13,731 - Knowledge - INFO - Found code-base-name: https://github.com/kavia-common/Online-Examination-System-9209.git:kavia-master
2026-01-06 11:36:13,933 - Knowledge - INFO - Found code_base: <app.utils.kg_build.knowledge.KnowledgeCodeBase object at 0x7f76b6228510>
2026-01-06 11:36:14,170 - Knowledge - INFO - persist ingested knowledge for /app/data/tataelxsimockapisolutions5451/9209/b5070uy/Online-Examination-System-9209/OnlineExamSystem/MCQSet.aspx.designer.cs
2026-01-06 11:36:14,428 - Knowledge - INFO - [MONGODB_OP] Completed: persist, Collection: file_info, Duration: 91ms
2026-01-06 11:36:14,855 - Knowledge - INFO - [REDIS_OP] Completed: store_embedding, Key: OnlineExamSystem/MCQSet.aspx.designer.cs, Duration: 189ms
2026-01-06 11:36:15,074 - Knowledge - INFO - persist search terms embedding for OnlineExamSystem/MCQSet.aspx.designer.cs
2026-01-06 11:36:15,272 - Knowledge - INFO - process ingested knowledge for /app/data/tataelxsimockapisolutions5451/9209/b5070uy/Online-Examination-System-9209/OnlineExamSystem/MCQSet.aspx.designer.cs
2026-01-06 11:36:15,473 - Knowledge - INFO - Found code-base-name: https://github.com/kavia-common/Online-Examination-System-9209.git:kavia-master
2026-01-06 11:36:15,630 - Knowledge - INFO - Found code_base: <app.utils.kg_build.knowledge.KnowledgeCodeBase object at 0x7f76b6228510>
2026-01-06 11:36:15,950 - Knowledge - INFO - Found code-base-name: https://github.com/kavia-common/Online-Examination-System-9209.git:kavia-master
2026-01-06 11:36:16,141 - Knowledge - INFO - Found code_base: <app.utils.kg_build.knowledge.KnowledgeCodeBase object at 0x7f76b6228510>
2026-01-06 11:36:16,333 - Knowledge - INFO - persist ingested knowledge for /app/data/tataelxsimockapisolutions5451/9209/b5070uy/Online-Examination-System-9209/OnlineExamSystem/MCQExam.aspx.cs
2026-01-06 11:36:16,584 - Knowledge - INFO - [MONGODB_OP] Completed: persist, Collection: file_info, Duration: 85ms
2026-01-06 11:36:17,054 - Knowledge - INFO - [REDIS_OP] Completed: store_embedding, Key: OnlineExamSystem/MCQExam.aspx.cs, Duration: 269ms
2026-01-06 11:36:17,235 - Knowledge - INFO - persist search terms embedding for OnlineExamSystem/MCQExam.aspx.cs
2026-01-06 11:36:17,402 - Knowledge - INFO - process ingested knowledge for /app/data/tataelxsimockapisolutions5451/9209/b5070uy/Online-Examination-System-9209/OnlineExamSystem/MCQExam.aspx.cs
2026-01-06 11:36:17,609 - Knowledge - INFO - Found code-base-name: https://github.com/kavia-common/Online-Examination-System-9209.git:kavia-master
2026-01-06 11:36:17,820 - Knowledge - INFO - Found code_base: <app.utils.kg_build.knowledge.KnowledgeCodeBase object at 0x7f76b6228510>
2026-01-06 11:36:18,072 - Knowledge - INFO - Found code-base-name: https://github.com/kavia-common/Online-Examination-System-9209.git:kavia-master
2026-01-06 11:36:18,286 - Knowledge - INFO - Found code_base: <app.utils.kg_build.knowledge.KnowledgeCodeBase object at 0x7f76b6228510>
2026-01-06 11:36:18,465 - Knowledge - INFO - persist ingested knowledge for /app/data/tataelxsimockapisolutions5451/9209/b5070uy/Online-Examination-System-9209/OnlineExamSystem/AdminCourseQueue.aspx.cs
2026-01-06 11:36:18,738 - Knowledge - INFO - [MONGODB_OP] Completed: persist, Collection: file_info, Duration: 106ms
2026-01-06 11:36:19,136 - Knowledge - INFO - [REDIS_OP] Completed: store_embedding, Key: OnlineExamSystem/AdminCourseQueue.aspx.cs, Duration: 210ms
2026-01-06 11:36:19,353 - Knowledge - INFO - persist search terms embedding for OnlineExamSystem/AdminCourseQueue.aspx.cs
2026-01-06 11:36:19,516 - Knowledge - INFO - process ingested knowledge for /app/data/tataelxsimockapisolutions5451/9209/b5070uy/Online-Examination-System-9209/OnlineExamSystem/AdminCourseQueue.aspx.cs
2026-01-06 11:36:19,699 - Knowledge - INFO - Found code-base-name: https://github.com/kavia-common/Online-Examination-System-9209.git:kavia-master
2026-01-06 11:36:19,911 - Knowledge - INFO - Found code_base: <app.utils.kg_build.knowledge.KnowledgeCodeBase object at 0x7f76b6228510>
2026-01-06 11:36:20,175 - Knowledge - INFO - Found code-base-name: https://github.com/kavia-common/Online-Examination-System-9209.git:kavia-master
2026-01-06 11:36:20,341 - Knowledge - INFO - Found code_base: <app.utils.kg_build.knowledge.KnowledgeCodeBase object at 0x7f76b6228510>
2026-01-06 11:36:20,548 - Knowledge - INFO - persist ingested knowledge for /app/data/tataelxsimockapisolutions5451/9209/b5070uy/Online-Examination-System-9209/OnlineExamSystem/CSS/bootstrap.css
2026-01-06 11:36:20,832 - Knowledge - INFO - [MONGODB_OP] Completed: persist, Collection: file_info, Duration: 91ms
2026-01-06 11:36:21,274 - Knowledge - INFO - [REDIS_OP] Completed: store_embedding, Key: OnlineExamSystem/CSS/bootstrap.css, Duration: 269ms
2026-01-06 11:36:21,461 - Knowledge - INFO - persist search terms embedding for OnlineExamSystem/CSS/bootstrap.css
2026-01-06 11:36:21,636 - Knowledge - INFO - process ingested knowledge for /app/data/tataelxsimockapisolutions5451/9209/b5070uy/Online-Examination-System-9209/OnlineExamSystem/CSS/bootstrap.css
2026-01-06 11:36:21,839 - Knowledge - INFO - Found code-base-name: https://github.com/kavia-common/Online-Examination-System-9209.git:kavia-master
2026-01-06 11:36:22,003 - Knowledge - INFO - Found code_base: <app.utils.kg_build.knowledge.KnowledgeCodeBase object at 0x7f76b6228510>
2026-01-06 11:36:22,276 - Knowledge - INFO - Found code-base-name: https://github.com/kavia-common/Online-Examination-System-9209.git:kavia-master
2026-01-06 11:36:22,460 - Knowledge - INFO - Found code_base: <app.utils.kg_build.knowledge.KnowledgeCodeBase object at 0x7f76b6228510>
2026-01-06 11:36:22,638 - Knowledge - INFO - persist ingested knowledge for /app/data/tataelxsimockapisolutions5451/9209/b5070uy/Online-Examination-System-9209/OnlineExamSystem/UserProfile.aspx.designer.cs
2026-01-06 11:36:22,918 - Knowledge - INFO - [MONGODB_OP] Completed: persist, Collection: file_info, Duration: 80ms
2026-01-06 11:36:23,305 - Knowledge - INFO - [REDIS_OP] Completed: store_embedding, Key: OnlineExamSystem/UserProfile.aspx.designer.cs, Duration: 179ms
2026-01-06 11:36:23,506 - Knowledge - INFO - persist search terms embedding for OnlineExamSystem/UserProfile.aspx.designer.cs
2026-01-06 11:36:23,670 - Knowledge - INFO - process ingested knowledge for /app/data/tataelxsimockapisolutions5451/9209/b5070uy/Online-Examination-System-9209/OnlineExamSystem/UserProfile.aspx.designer.cs
2026-01-06 11:36:23,856 - Knowledge - INFO - Found code-base-name: https://github.com/kavia-common/Online-Examination-System-9209.git:kavia-master
2026-01-06 11:36:24,014 - Knowledge - INFO - Found code_base: <app.utils.kg_build.knowledge.KnowledgeCodeBase object at 0x7f76b6228510>
2026-01-06 11:36:24,323 - Knowledge - INFO - Found code-base-name: https://github.com/kavia-common/Online-Examination-System-9209.git:kavia-master
2026-01-06 11:36:24,482 - Knowledge - INFO - Found code_base: <app.utils.kg_build.knowledge.KnowledgeCodeBase object at 0x7f76b6228510>
2026-01-06 11:36:24,716 - Knowledge - INFO - persist ingested knowledge for /app/data/tataelxsimockapisolutions5451/9209/b5070uy/Online-Examination-System-9209/OnlineExamSystem/Dashboard.aspx.designer.cs
2026-01-06 11:36:24,970 - Knowledge - INFO - [MONGODB_OP] Completed: persist, Collection: file_info, Duration: 96ms
2026-01-06 11:36:25,450 - Knowledge - INFO - [REDIS_OP] Completed: store_embedding, Key: OnlineExamSystem/Dashboard.aspx.designer.cs, Duration: 280ms
2026-01-06 11:36:25,616 - Knowledge - INFO - persist search terms embedding for OnlineExamSystem/Dashboard.aspx.designer.cs
2026-01-06 11:36:25,787 - Knowledge - INFO - process ingested knowledge for /app/data/tataelxsimockapisolutions5451/9209/b5070uy/Online-Examination-System-9209/OnlineExamSystem/Dashboard.aspx.designer.cs
2026-01-06 11:36:25,986 - Knowledge - INFO - Found code-base-name: https://github.com/kavia-common/Online-Examination-System-9209.git:kavia-master
2026-01-06 11:36:26,180 - Knowledge - INFO - Found code_base: <app.utils.kg_build.knowledge.KnowledgeCodeBase object at 0x7f76b6228510>
2026-01-06 11:36:26,437 - Knowledge - INFO - Found code-base-name: https://github.com/kavia-common/Online-Examination-System-9209.git:kavia-master
2026-01-06 11:36:26,602 - Knowledge - INFO - Found code_base: <app.utils.kg_build.knowledge.KnowledgeCodeBase object at 0x7f76b6228510>
2026-01-06 11:36:26,778 - Knowledge - INFO - persist ingested knowledge for /app/data/tataelxsimockapisolutions5451/9209/b5070uy/Online-Examination-System-9209/OnlineExamSystem/TakenCourses.aspx.cs
2026-01-06 11:36:27,058 - Knowledge - INFO - [MONGODB_OP] Completed: persist, Collection: file_info, Duration: 104ms
2026-01-06 11:36:27,549 - Knowledge - INFO - [REDIS_OP] Completed: store_embedding, Key: OnlineExamSystem/TakenCourses.aspx.cs, Duration: 282ms
2026-01-06 11:36:27,792 - Knowledge - INFO - persist search terms embedding for OnlineExamSystem/TakenCourses.aspx.cs
2026-01-06 11:36:27,993 - Knowledge - INFO - process ingested knowledge for /app/data/tataelxsimockapisolutions5451/9209/b5070uy/Online-Examination-System-9209/OnlineExamSystem/TakenCourses.aspx.cs
2026-01-06 11:36:28,181 - Knowledge - INFO - Found code-base-name: https://github.com/kavia-common/Online-Examination-System-9209.git:kavia-master
2026-01-06 11:36:28,345 - Knowledge - INFO - Found code_base: <app.utils.kg_build.knowledge.KnowledgeCodeBase object at 0x7f76b6228510>
2026-01-06 11:36:28,599 - Knowledge - INFO - Found code-base-name: https://github.com/kavia-common/Online-Examination-System-9209.git:kavia-master
2026-01-06 11:36:28,817 - Knowledge - INFO - Found code_base: <app.utils.kg_build.knowledge.KnowledgeCodeBase object at 0x7f76b6228510>
2026-01-06 11:36:29,023 - Knowledge - INFO - persist ingested knowledge for /app/data/tataelxsimockapisolutions5451/9209/b5070uy/Online-Examination-System-9209/OnlineExamSystem/SetExam.aspx.cs
2026-01-06 11:36:29,277 - Knowledge - INFO - [MONGODB_OP] Completed: persist, Collection: file_info, Duration: 95ms
2026-01-06 11:36:29,762 - Knowledge - INFO - [REDIS_OP] Completed: store_embedding, Key: OnlineExamSystem/SetExam.aspx.cs, Duration: 310ms
2026-01-06 11:36:29,959 - Knowledge - INFO - persist search terms embedding for OnlineExamSystem/SetExam.aspx.cs
2026-01-06 11:36:30,117 - Knowledge - INFO - process ingested knowledge for /app/data/tataelxsimockapisolutions5451/9209/b5070uy/Online-Examination-System-9209/OnlineExamSystem/SetExam.aspx.cs
2026-01-06 11:36:30,338 - Knowledge - INFO - Found code-base-name: https://github.com/kavia-common/Online-Examination-System-9209.git:kavia-master
2026-01-06 11:36:30,523 - Knowledge - INFO - Found code_base: <app.utils.kg_build.knowledge.KnowledgeCodeBase object at 0x7f76b6228510>
2026-01-06 11:36:30,782 - Knowledge - INFO - Found code-base-name: https://github.com/kavia-common/Online-Examination-System-9209.git:kavia-master
2026-01-06 11:36:30,973 - Knowledge - INFO - Found code_base: <app.utils.kg_build.knowledge.KnowledgeCodeBase object at 0x7f76b6228510>
2026-01-06 11:36:31,210 - Knowledge - INFO - persist ingested knowledge for /app/data/tataelxsimockapisolutions5451/9209/b5070uy/Online-Examination-System-9209/OnlineExamSystem/EditMCQ.aspx.cs
2026-01-06 11:36:31,503 - Knowledge - INFO - [MONGODB_OP] Completed: persist, Collection: file_info, Duration: 95ms
2026-01-06 11:36:31,933 - Knowledge - INFO - [REDIS_OP] Completed: store_embedding, Key: OnlineExamSystem/EditMCQ.aspx.cs, Duration: 255ms
2026-01-06 11:36:32,087 - Knowledge - INFO - persist search terms embedding for OnlineExamSystem/EditMCQ.aspx.cs
2026-01-06 11:36:32,284 - Knowledge - INFO - process ingested knowledge for /app/data/tataelxsimockapisolutions5451/9209/b5070uy/Online-Examination-System-9209/OnlineExamSystem/EditMCQ.aspx.cs
2026-01-06 11:36:32,461 - Knowledge - INFO - Found code-base-name: https://github.com/kavia-common/Online-Examination-System-9209.git:kavia-master
2026-01-06 11:36:32,634 - Knowledge - INFO - Found code_base: <app.utils.kg_build.knowledge.KnowledgeCodeBase object at 0x7f76b6228510>
2026-01-06 11:36:32,902 - Knowledge - INFO - Found code-base-name: https://github.com/kavia-common/Online-Examination-System-9209.git:kavia-master
2026-01-06 11:36:33,080 - Knowledge - INFO - Found code_base: <app.utils.kg_build.knowledge.KnowledgeCodeBase object at 0x7f76b6228510>
2026-01-06 11:36:33,307 - Knowledge - INFO - persist ingested knowledge for /app/data/tataelxsimockapisolutions5451/9209/b5070uy/Online-Examination-System-9209/OnlineExamSystem/TheorySet.aspx.cs
2026-01-06 11:36:33,594 - Knowledge - INFO - [MONGODB_OP] Completed: persist, Collection: file_info, Duration: 87ms
2026-01-06 11:36:33,977 - Knowledge - INFO - [REDIS_OP] Completed: store_embedding, Key: OnlineExamSystem/TheorySet.aspx.cs, Duration: 219ms
2026-01-06 11:36:34,169 - Knowledge - INFO - persist search terms embedding for OnlineExamSystem/TheorySet.aspx.cs
2026-01-06 11:36:34,367 - Knowledge - INFO - process ingested knowledge for /app/data/tataelxsimockapisolutions5451/9209/b5070uy/Online-Examination-System-9209/OnlineExamSystem/TheorySet.aspx.cs
2026-01-06 11:36:34,582 - Knowledge - INFO - Found code-base-name: https://github.com/kavia-common/Online-Examination-System-9209.git:kavia-master
2026-01-06 11:36:34,729 - Knowledge - INFO - Found code_base: <app.utils.kg_build.knowledge.KnowledgeCodeBase object at 0x7f76b6228510>
2026-01-06 11:36:34,963 - Knowledge - INFO - Found code-base-name: https://github.com/kavia-common/Online-Examination-System-9209.git:kavia-master
2026-01-06 11:36:35,131 - Knowledge - INFO - Found code_base: <app.utils.kg_build.knowledge.KnowledgeCodeBase object at 0x7f76b6228510>
2026-01-06 11:36:35,324 - Knowledge - INFO - persist ingested knowledge for /app/data/tataelxsimockapisolutions5451/9209/b5070uy/Online-Examination-System-9209/OnlineExamSystem/ShowAns.aspx.cs
2026-01-06 11:36:35,627 - Knowledge - INFO - [MONGODB_OP] Completed: persist, Collection: file_info, Duration: 100ms
2026-01-06 11:36:36,045 - Knowledge - INFO - [REDIS_OP] Completed: store_embedding, Key: OnlineExamSystem/ShowAns.aspx.cs, Duration: 214ms
2026-01-06 11:36:36,222 - Knowledge - INFO - persist search terms embedding for OnlineExamSystem/ShowAns.aspx.cs
2026-01-06 11:36:36,437 - Knowledge - INFO - process ingested knowledge for /app/data/tataelxsimockapisolutions5451/9209/b5070uy/Online-Examination-System-9209/OnlineExamSystem/ShowAns.aspx.cs
2026-01-06 11:36:36,634 - Knowledge - INFO - Found code-base-name: https://github.com/kavia-common/Online-Examination-System-9209.git:kavia-master
2026-01-06 11:36:36,829 - Knowledge - INFO - Found code_base: <app.utils.kg_build.knowledge.KnowledgeCodeBase object at 0x7f76b6228510>
2026-01-06 11:36:37,071 - Knowledge - INFO - Found code-base-name: https://github.com/kavia-common/Online-Examination-System-9209.git:kavia-master
2026-01-06 11:36:37,225 - Knowledge - INFO - Found code_base: <app.utils.kg_build.knowledge.KnowledgeCodeBase object at 0x7f76b6228510>
2026-01-06 11:36:37,386 - Knowledge - INFO - persist ingested knowledge for /app/data/tataelxsimockapisolutions5451/9209/b5070uy/Online-Examination-System-9209/OnlineExamSystem/SignUpPage.aspx.cs
2026-01-06 11:36:37,737 - Knowledge - INFO - [MONGODB_OP] Completed: persist, Collection: file_info, Duration: 102ms
2026-01-06 11:36:38,284 - Knowledge - INFO - [REDIS_OP] Completed: store_embedding, Key: OnlineExamSystem/SignUpPage.aspx.cs, Duration: 342ms
2026-01-06 11:36:38,459 - Knowledge - INFO - persist search terms embedding for OnlineExamSystem/SignUpPage.aspx.cs
2026-01-06 11:36:38,661 - Knowledge - INFO - process ingested knowledge for /app/data/tataelxsimockapisolutions5451/9209/b5070uy/Online-Examination-System-9209/OnlineExamSystem/SignUpPage.aspx.cs
2026-01-06 11:36:38,842 - Knowledge - INFO - Found code-base-name: https://github.com/kavia-common/Online-Examination-System-9209.git:kavia-master
2026-01-06 11:36:38,996 - Knowledge - INFO - Found code_base: <app.utils.kg_build.knowledge.KnowledgeCodeBase object at 0x7f76b6228510>
2026-01-06 11:36:39,235 - Knowledge - INFO - Found code-base-name: https://github.com/kavia-common/Online-Examination-System-9209.git:kavia-master
2026-01-06 11:36:39,385 - Knowledge - INFO - Found code_base: <app.utils.kg_build.knowledge.KnowledgeCodeBase object at 0x7f76b6228510>
2026-01-06 11:36:39,637 - Knowledge - INFO - persist ingested knowledge for /app/data/tataelxsimockapisolutions5451/9209/b5070uy/Online-Examination-System-9209/README.md
2026-01-06 11:36:39,919 - Knowledge - INFO - [MONGODB_OP] Completed: persist, Collection: file_info, Duration: 88ms
2026-01-06 11:36:40,429 - Knowledge - INFO - [REDIS_OP] Completed: store_embedding, Key: README.md, Duration: 349ms
2026-01-06 11:36:40,603 - Knowledge - INFO - persist search terms embedding for README.md
2026-01-06 11:36:40,777 - Knowledge - INFO - process ingested knowledge for /app/data/tataelxsimockapisolutions5451/9209/b5070uy/Online-Examination-System-9209/README.md
2026-01-06 11:36:40,970 - Knowledge - INFO - Found code-base-name: https://github.com/kavia-common/Online-Examination-System-9209.git:kavia-master
2026-01-06 11:36:41,148 - Knowledge - INFO - Found code_base: <app.utils.kg_build.knowledge.KnowledgeCodeBase object at 0x7f76b6228510>
2026-01-06 11:36:41,397 - Knowledge - INFO - Found code-base-name: https://github.com/kavia-common/Online-Examination-System-9209.git:kavia-master
2026-01-06 11:36:41,610 - Knowledge - INFO - Found code_base: <app.utils.kg_build.knowledge.KnowledgeCodeBase object at 0x7f76b6228510>
2026-01-06 11:36:41,764 - Knowledge - INFO - persist ingested knowledge for /app/data/tataelxsimockapisolutions5451/9209/b5070uy/Online-Examination-System-9209/OnlineExamSystem/MCQExam.aspx.designer.cs
2026-01-06 11:36:42,044 - Knowledge - INFO - [MONGODB_OP] Completed: persist, Collection: file_info, Duration: 110ms
2026-01-06 11:36:42,424 - Knowledge - INFO - [REDIS_OP] Completed: store_embedding, Key: OnlineExamSystem/MCQExam.aspx.designer.cs, Duration: 201ms
2026-01-06 11:36:42,623 - Knowledge - INFO - persist search terms embedding for OnlineExamSystem/MCQExam.aspx.designer.cs
2026-01-06 11:36:42,776 - Knowledge - INFO - process ingested knowledge for /app/data/tataelxsimockapisolutions5451/9209/b5070uy/Online-Examination-System-9209/OnlineExamSystem/MCQExam.aspx.designer.cs
2026-01-06 11:36:42,954 - Knowledge - INFO - Found code-base-name: https://github.com/kavia-common/Online-Examination-System-9209.git:kavia-master
2026-01-06 11:36:43,161 - Knowledge - INFO - Found code_base: <app.utils.kg_build.knowledge.KnowledgeCodeBase object at 0x7f76b6228510>
2026-01-06 11:36:43,448 - Knowledge - INFO - Found code-base-name: https://github.com/kavia-common/Online-Examination-System-9209.git:kavia-master
2026-01-06 11:36:43,610 - Knowledge - INFO - Found code_base: <app.utils.kg_build.knowledge.KnowledgeCodeBase object at 0x7f76b6228510>
2026-01-06 11:36:43,835 - Knowledge - INFO - persist ingested knowledge for /app/data/tataelxsimockapisolutions5451/9209/b5070uy/Online-Examination-System-9209/database-script/README.md
2026-01-06 11:36:44,157 - Knowledge - INFO - [MONGODB_OP] Completed: persist, Collection: file_info, Duration: 99ms
2026-01-06 11:36:44,628 - Knowledge - INFO - [REDIS_OP] Completed: store_embedding, Key: database-script/README.md, Duration: 287ms
2026-01-06 11:36:44,788 - Knowledge - INFO - persist search terms embedding for database-script/README.md
2026-01-06 11:36:44,976 - Knowledge - INFO - process ingested knowledge for /app/data/tataelxsimockapisolutions5451/9209/b5070uy/Online-Examination-System-9209/database-script/README.md
2026-01-06 11:36:45,167 - Knowledge - INFO - Found code-base-name: https://github.com/kavia-common/Online-Examination-System-9209.git:kavia-master
2026-01-06 11:36:45,349 - Knowledge - INFO - Found code_base: <app.utils.kg_build.knowledge.KnowledgeCodeBase object at 0x7f76b6228510>
2026-01-06 11:36:45,585 - Knowledge - INFO - Found code-base-name: https://github.com/kavia-common/Online-Examination-System-9209.git:kavia-master
2026-01-06 11:36:45,780 - Knowledge - INFO - Found code_base: <app.utils.kg_build.knowledge.KnowledgeCodeBase object at 0x7f76b6228510>
2026-01-06 11:36:45,967 - Knowledge - INFO - persist ingested knowledge for /app/data/tataelxsimockapisolutions5451/9209/b5070uy/Online-Examination-System-9209/OnlineExamSystem/DownloadPdf.aspx.designer.cs
2026-01-06 11:36:46,234 - Knowledge - INFO - [MONGODB_OP] Completed: persist, Collection: file_info, Duration: 93ms
2026-01-06 11:36:46,704 - Knowledge - INFO - [REDIS_OP] Completed: store_embedding, Key: OnlineExamSystem/DownloadPdf.aspx.designer.cs, Duration: 269ms
2026-01-06 11:36:46,873 - Knowledge - INFO - persist search terms embedding for OnlineExamSystem/DownloadPdf.aspx.designer.cs
2026-01-06 11:36:47,056 - Knowledge - INFO - process ingested knowledge for /app/data/tataelxsimockapisolutions5451/9209/b5070uy/Online-Examination-System-9209/OnlineExamSystem/DownloadPdf.aspx.designer.cs
2026-01-06 11:36:47,241 - Knowledge - INFO - Found code-base-name: https://github.com/kavia-common/Online-Examination-System-9209.git:kavia-master
2026-01-06 11:36:47,448 - Knowledge - INFO - Found code_base: <app.utils.kg_build.knowledge.KnowledgeCodeBase object at 0x7f76b6228510>
2026-01-06 11:36:47,681 - Knowledge - INFO - Found code-base-name: https://github.com/kavia-common/Online-Examination-System-9209.git:kavia-master
2026-01-06 11:36:47,881 - Knowledge - INFO - Found code_base: <app.utils.kg_build.knowledge.KnowledgeCodeBase object at 0x7f76b6228510>
2026-01-06 11:36:48,042 - Knowledge - INFO - persist ingested knowledge for /app/data/tataelxsimockapisolutions5451/9209/b5070uy/Online-Examination-System-9209/OnlineExamSystem/EditExam.aspx.cs
2026-01-06 11:36:48,331 - Knowledge - INFO - [MONGODB_OP] Completed: persist, Collection: file_info, Duration: 90ms
2026-01-06 11:36:48,740 - Knowledge - INFO - [REDIS_OP] Completed: store_embedding, Key: OnlineExamSystem/EditExam.aspx.cs, Duration: 230ms
2026-01-06 11:36:48,937 - Knowledge - INFO - persist search terms embedding for OnlineExamSystem/EditExam.aspx.cs
2026-01-06 11:36:49,130 - Knowledge - INFO - process ingested knowledge for /app/data/tataelxsimockapisolutions5451/9209/b5070uy/Online-Examination-System-9209/OnlineExamSystem/EditExam.aspx.cs
2026-01-06 11:36:49,321 - Knowledge - INFO - Found code-base-name: https://github.com/kavia-common/Online-Examination-System-9209.git:kavia-master
2026-01-06 11:36:49,523 - Knowledge - INFO - Found code_base: <app.utils.kg_build.knowledge.KnowledgeCodeBase object at 0x7f76b6228510>
2026-01-06 11:36:49,767 - Knowledge - INFO - Found code-base-name: https://github.com/kavia-common/Online-Examination-System-9209.git:kavia-master
2026-01-06 11:36:49,971 - Knowledge - INFO - Found code_base: <app.utils.kg_build.knowledge.KnowledgeCodeBase object at 0x7f76b6228510>
2026-01-06 11:36:50,212 - Knowledge - INFO - persist ingested knowledge for /app/data/tataelxsimockapisolutions5451/9209/b5070uy/Online-Examination-System-9209/OnlineExamSystem/EditTheory.aspx.cs
2026-01-06 11:36:50,517 - Knowledge - INFO - [MONGODB_OP] Completed: persist, Collection: file_info, Duration: 123ms
2026-01-06 11:36:50,932 - Knowledge - INFO - [REDIS_OP] Completed: store_embedding, Key: OnlineExamSystem/EditTheory.aspx.cs, Duration: 232ms
2026-01-06 11:36:51,136 - Knowledge - INFO - persist search terms embedding for OnlineExamSystem/EditTheory.aspx.cs
2026-01-06 11:36:51,329 - Knowledge - INFO - process ingested knowledge for /app/data/tataelxsimockapisolutions5451/9209/b5070uy/Online-Examination-System-9209/OnlineExamSystem/EditTheory.aspx.cs
2026-01-06 11:36:51,503 - Knowledge - INFO - Found code-base-name: https://github.com/kavia-common/Online-Examination-System-9209.git:kavia-master
2026-01-06 11:36:51,681 - Knowledge - INFO - Found code_base: <app.utils.kg_build.knowledge.KnowledgeCodeBase object at 0x7f76b6228510>
2026-01-06 11:36:51,919 - Knowledge - INFO - Found code-base-name: https://github.com/kavia-common/Online-Examination-System-9209.git:kavia-master
2026-01-06 11:36:52,075 - Knowledge - INFO - Found code_base: <app.utils.kg_build.knowledge.KnowledgeCodeBase object at 0x7f76b6228510>
2026-01-06 11:36:52,292 - Knowledge - INFO - persist ingested knowledge for /app/data/tataelxsimockapisolutions5451/9209/b5070uy/Online-Examination-System-9209/OnlineExamSystem/StartExam.aspx.cs
2026-01-06 11:36:52,550 - Knowledge - INFO - [MONGODB_OP] Completed: persist, Collection: file_info, Duration: 90ms
2026-01-06 11:36:52,969 - Knowledge - INFO - [REDIS_OP] Completed: store_embedding, Key: OnlineExamSystem/StartExam.aspx.cs, Duration: 220ms
2026-01-06 11:36:53,186 - Knowledge - INFO - persist search terms embedding for OnlineExamSystem/StartExam.aspx.cs
2026-01-06 11:36:53,402 - Knowledge - INFO - process ingested knowledge for /app/data/tataelxsimockapisolutions5451/9209/b5070uy/Online-Examination-System-9209/OnlineExamSystem/StartExam.aspx.cs
2026-01-06 11:36:53,597 - Knowledge - INFO - Found code-base-name: https://github.com/kavia-common/Online-Examination-System-9209.git:kavia-master
2026-01-06 11:36:53,765 - Knowledge - INFO - Found code_base: <app.utils.kg_build.knowledge.KnowledgeCodeBase object at 0x7f76b6228510>
2026-01-06 11:36:54,016 - Knowledge - INFO - Found code-base-name: https://github.com/kavia-common/Online-Examination-System-9209.git:kavia-master
2026-01-06 11:36:54,226 - Knowledge - INFO - Found code_base: <app.utils.kg_build.knowledge.KnowledgeCodeBase object at 0x7f76b6228510>
2026-01-06 11:36:54,403 - Knowledge - INFO - persist ingested knowledge for /app/data/tataelxsimockapisolutions5451/9209/b5070uy/Online-Examination-System-9209/OnlineExamSystem/AdminPanel.aspx.cs
2026-01-06 11:36:54,703 - Knowledge - INFO - [MONGODB_OP] Completed: persist, Collection: file_info, Duration: 92ms
2026-01-06 11:36:55,114 - Knowledge - INFO - [REDIS_OP] Completed: store_embedding, Key: OnlineExamSystem/AdminPanel.aspx.cs, Duration: 199ms
2026-01-06 11:36:55,278 - Knowledge - INFO - persist search terms embedding for OnlineExamSystem/AdminPanel.aspx.cs
2026-01-06 11:36:55,467 - Knowledge - INFO - process ingested knowledge for /app/data/tataelxsimockapisolutions5451/9209/b5070uy/Online-Examination-System-9209/OnlineExamSystem/AdminPanel.aspx.cs
2026-01-06 11:36:55,631 - Knowledge - INFO - Found code-base-name: https://github.com/kavia-common/Online-Examination-System-9209.git:kavia-master
2026-01-06 11:36:55,794 - Knowledge - INFO - Found code_base: <app.utils.kg_build.knowledge.KnowledgeCodeBase object at 0x7f76b6228510>
2026-01-06 11:36:56,131 - Knowledge - INFO - Found code-base-name: https://github.com/kavia-common/Online-Examination-System-9209.git:kavia-master
2026-01-06 11:36:56,322 - Knowledge - INFO - Found code_base: <app.utils.kg_build.knowledge.KnowledgeCodeBase object at 0x7f76b6228510>
2026-01-06 11:36:56,538 - Knowledge - INFO - persist ingested knowledge for /app/data/tataelxsimockapisolutions5451/9209/b5070uy/Online-Examination-System-9209/OnlineExamSystem/ExamResult.aspx.designer.cs
2026-01-06 11:36:56,795 - Knowledge - INFO - [MONGODB_OP] Completed: persist, Collection: file_info, Duration: 94ms
2026-01-06 11:36:57,215 - Knowledge - INFO - [REDIS_OP] Completed: store_embedding, Key: OnlineExamSystem/ExamResult.aspx.designer.cs, Duration: 211ms
2026-01-06 11:36:57,406 - Knowledge - INFO - persist search terms embedding for OnlineExamSystem/ExamResult.aspx.designer.cs
2026-01-06 11:36:57,597 - Knowledge - INFO - process ingested knowledge for /app/data/tataelxsimockapisolutions5451/9209/b5070uy/Online-Examination-System-9209/OnlineExamSystem/ExamResult.aspx.designer.cs
2026-01-06 11:36:57,771 - Knowledge - INFO - Found code-base-name: https://github.com/kavia-common/Online-Examination-System-9209.git:kavia-master
2026-01-06 11:36:57,950 - Knowledge - INFO - Found code_base: <app.utils.kg_build.knowledge.KnowledgeCodeBase object at 0x7f76b6228510>
2026-01-06 11:36:58,211 - Knowledge - INFO - Found code-base-name: https://github.com/kavia-common/Online-Examination-System-9209.git:kavia-master
2026-01-06 11:36:58,376 - Knowledge - INFO - Found code_base: <app.utils.kg_build.knowledge.KnowledgeCodeBase object at 0x7f76b6228510>
2026-01-06 11:36:58,582 - Knowledge - INFO - persist ingested knowledge for /app/data/tataelxsimockapisolutions5451/9209/b5070uy/Online-Examination-System-9209/OnlineExamSystem/LoginPage.aspx.designer.cs
2026-01-06 11:36:58,829 - Knowledge - INFO - [MONGODB_OP] Completed: persist, Collection: file_info, Duration: 91ms
2026-01-06 11:36:59,229 - Knowledge - INFO - [REDIS_OP] Completed: store_embedding, Key: OnlineExamSystem/LoginPage.aspx.designer.cs, Duration: 185ms
2026-01-06 11:36:59,446 - Knowledge - INFO - persist search terms embedding for OnlineExamSystem/LoginPage.aspx.designer.cs
2026-01-06 11:36:59,676 - Knowledge - INFO - process ingested knowledge for /app/data/tataelxsimockapisolutions5451/9209/b5070uy/Online-Examination-System-9209/OnlineExamSystem/LoginPage.aspx.designer.cs
2026-01-06 11:36:59,858 - Knowledge - INFO - Found code-base-name: https://github.com/kavia-common/Online-Examination-System-9209.git:kavia-master
2026-01-06 11:37:00,023 - Knowledge - INFO - Found code_base: <app.utils.kg_build.knowledge.KnowledgeCodeBase object at 0x7f76b6228510>
2026-01-06 11:37:00,314 - Knowledge - INFO - Found code-base-name: https://github.com/kavia-common/Online-Examination-System-9209.git:kavia-master
2026-01-06 11:37:00,500 - Knowledge - INFO - Found code_base: <app.utils.kg_build.knowledge.KnowledgeCodeBase object at 0x7f76b6228510>
2026-01-06 11:37:00,693 - Knowledge - INFO - persist ingested knowledge for /app/data/tataelxsimockapisolutions5451/9209/b5070uy/Online-Examination-System-9209/OnlineExamSystem/TheoryExam.aspx.designer.cs
2026-01-06 11:37:00,989 - Knowledge - INFO - [MONGODB_OP] Completed: persist, Collection: file_info, Duration: 102ms
2026-01-06 11:37:01,518 - Knowledge - INFO - [REDIS_OP] Completed: store_embedding, Key: OnlineExamSystem/TheoryExam.aspx.designer.cs, Duration: 317ms
2026-01-06 11:37:01,688 - Knowledge - INFO - persist search terms embedding for OnlineExamSystem/TheoryExam.aspx.designer.cs
2026-01-06 11:37:01,853 - Knowledge - INFO - process ingested knowledge for /app/data/tataelxsimockapisolutions5451/9209/b5070uy/Online-Examination-System-9209/OnlineExamSystem/TheoryExam.aspx.designer.cs
2026-01-06 11:37:02,047 - Knowledge - INFO - Found code-base-name: https://github.com/kavia-common/Online-Examination-System-9209.git:kavia-master
2026-01-06 11:37:02,211 - Knowledge - INFO - Found code_base: <app.utils.kg_build.knowledge.KnowledgeCodeBase object at 0x7f76b6228510>
2026-01-06 11:37:02,470 - Knowledge - INFO - Found code-base-name: https://github.com/kavia-common/Online-Examination-System-9209.git:kavia-master
2026-01-06 11:37:02,656 - Knowledge - INFO - Found code_base: <app.utils.kg_build.knowledge.KnowledgeCodeBase object at 0x7f76b6228510>
2026-01-06 11:37:02,841 - Knowledge - INFO - persist ingested knowledge for /app/data/tataelxsimockapisolutions5451/9209/b5070uy/Online-Examination-System-9209/OnlineExamSystem/Leaderboard.aspx.cs
2026-01-06 11:37:03,125 - Knowledge - INFO - [MONGODB_OP] Completed: persist, Collection: file_info, Duration: 91ms
2026-01-06 11:37:03,505 - Knowledge - INFO - [REDIS_OP] Completed: store_embedding, Key: OnlineExamSystem/Leaderboard.aspx.cs, Duration: 206ms
2026-01-06 11:37:03,674 - Knowledge - INFO - persist search terms embedding for OnlineExamSystem/Leaderboard.aspx.cs
2026-01-06 11:37:03,862 - Knowledge - INFO - process ingested knowledge for /app/data/tataelxsimockapisolutions5451/9209/b5070uy/Online-Examination-System-9209/OnlineExamSystem/Leaderboard.aspx.cs
2026-01-06 11:37:04,090 - Knowledge - INFO - Found code-base-name: https://github.com/kavia-common/Online-Examination-System-9209.git:kavia-master
2026-01-06 11:37:04,296 - Knowledge - INFO - Found code_base: <app.utils.kg_build.knowledge.KnowledgeCodeBase object at 0x7f76b6228510>
2026-01-06 11:37:04,549 - Knowledge - INFO - Found code-base-name: https://github.com/kavia-common/Online-Examination-System-9209.git:kavia-master
2026-01-06 11:37:04,745 - Knowledge - INFO - Found code_base: <app.utils.kg_build.knowledge.KnowledgeCodeBase object at 0x7f76b6228510>
2026-01-06 11:37:04,945 - Knowledge - INFO - persist ingested knowledge for /app/data/tataelxsimockapisolutions5451/9209/b5070uy/Online-Examination-System-9209/OnlineExamSystem/AdminQueue.aspx.designer.cs
2026-01-06 11:37:05,209 - Knowledge - INFO - [MONGODB_OP] Completed: persist, Collection: file_info, Duration: 93ms
2026-01-06 11:37:05,753 - Knowledge - INFO - [REDIS_OP] Completed: store_embedding, Key: OnlineExamSystem/AdminQueue.aspx.designer.cs, Duration: 355ms
2026-01-06 11:37:05,926 - Knowledge - INFO - persist search terms embedding for OnlineExamSystem/AdminQueue.aspx.designer.cs
2026-01-06 11:37:06,122 - Knowledge - INFO - process ingested knowledge for /app/data/tataelxsimockapisolutions5451/9209/b5070uy/Online-Examination-System-9209/OnlineExamSystem/AdminQueue.aspx.designer.cs
2026-01-06 11:37:06,320 - Knowledge - INFO - Found code-base-name: https://github.com/kavia-common/Online-Examination-System-9209.git:kavia-master
2026-01-06 11:37:06,493 - Knowledge - INFO - Found code_base: <app.utils.kg_build.knowledge.KnowledgeCodeBase object at 0x7f76b6228510>
2026-01-06 11:37:06,763 - Knowledge - INFO - Found code-base-name: https://github.com/kavia-common/Online-Examination-System-9209.git:kavia-master
2026-01-06 11:37:06,972 - Knowledge - INFO - Found code_base: <app.utils.kg_build.knowledge.KnowledgeCodeBase object at 0x7f76b6228510>
2026-01-06 11:37:07,177 - Knowledge - INFO - persist ingested knowledge for /app/data/tataelxsimockapisolutions5451/9209/b5070uy/Online-Examination-System-9209/OnlineExamSystem/AdminLeaderboard.aspx.designer.cs
2026-01-06 11:37:07,461 - Knowledge - INFO - [MONGODB_OP] Completed: persist, Collection: file_info, Duration: 111ms
2026-01-06 11:37:07,919 - Knowledge - INFO - [REDIS_OP] Completed: store_embedding, Key: OnlineExamSystem/AdminLeaderboard.aspx.designer.cs, Duration: 231ms
2026-01-06 11:37:08,109 - Knowledge - INFO - persist search terms embedding for OnlineExamSystem/AdminLeaderboard.aspx.designer.cs
2026-01-06 11:37:08,280 - Knowledge - INFO - process ingested knowledge for /app/data/tataelxsimockapisolutions5451/9209/b5070uy/Online-Examination-System-9209/OnlineExamSystem/AdminLeaderboard.aspx.designer.cs
2026-01-06 11:37:08,446 - Knowledge - INFO - Found code-base-name: https://github.com/kavia-common/Online-Examination-System-9209.git:kavia-master
2026-01-06 11:37:08,617 - Knowledge - INFO - Found code_base: <app.utils.kg_build.knowledge.KnowledgeCodeBase object at 0x7f76b6228510>
2026-01-06 11:37:08,873 - Knowledge - INFO - Found code-base-name: https://github.com/kavia-common/Online-Examination-System-9209.git:kavia-master
2026-01-06 11:37:09,089 - Knowledge - INFO - Found code_base: <app.utils.kg_build.knowledge.KnowledgeCodeBase object at 0x7f76b6228510>
2026-01-06 11:37:09,302 - Knowledge - INFO - persist ingested knowledge for /app/data/tataelxsimockapisolutions5451/9209/b5070uy/Online-Examination-System-9209/OnlineExamSystem/MCQSet.aspx.cs
2026-01-06 11:37:09,599 - Knowledge - INFO - [MONGODB_OP] Completed: persist, Collection: file_info, Duration: 104ms
2026-01-06 11:37:10,081 - Knowledge - INFO - [REDIS_OP] Completed: store_embedding, Key: OnlineExamSystem/MCQSet.aspx.cs, Duration: 302ms
2026-01-06 11:37:10,235 - Knowledge - INFO - persist search terms embedding for OnlineExamSystem/MCQSet.aspx.cs
2026-01-06 11:37:10,411 - Knowledge - INFO - process ingested knowledge for /app/data/tataelxsimockapisolutions5451/9209/b5070uy/Online-Examination-System-9209/OnlineExamSystem/MCQSet.aspx.cs
2026-01-06 11:37:10,613 - Knowledge - INFO - Loaded 50 files from persisted knowledge
2026-01-06 11:37:10,780 - Knowledge - INFO - load persisted knowledge: end
2026-01-06 11:37:10,975 - Knowledge - INFO - Redis support added with prefix knowledge:b5070uy:
2026-01-06 11:37:11,274 - Knowledge - INFO - Starting knowledge initialization for ID: y8GWu0-b5070uy
2026-01-06 11:37:11,468 - Knowledge - INFO - 🔍 Checking Redis for build_id: b5070uy
2026-01-06 11:37:11,635 - Knowledge - INFO - 🔍 Full session ID: y8GWu0-b5070uy
2026-01-06 11:37:11,842 - Knowledge - INFO - 🔍 Redis prefix will be: knowledge:b5070uy:
2026-01-06 11:37:12,034 - Knowledge - INFO - 🔍 Using attached load_from_redis() method
2026-01-06 11:37:12,217 - Knowledge - INFO - 🔍 Attempting to load knowledge from Redis...
2026-01-06 11:37:12,393 - Knowledge - INFO - 🔍 Using derived instance_id for Redis lookup: b5070uy
2026-01-06 11:37:12,590 - Knowledge - INFO - ✅ Redis cache found! Loading knowledge...
2026-01-06 11:37:12,749 - Knowledge - INFO - ✅ Successfully loaded from Redis: 50 files
2026-01-06 11:37:13,005 - Knowledge - INFO - ✅ Redis load complete: 50 files in 0.97s
2026-01-06 11:37:13,174 - Knowledge - INFO - ⚡ Total Redis path: 0.97s (vs ~300s from disk)
2026-01-06 11:37:13,378 - Knowledge - INFO - Saving knowledge to Redis...
2026-01-06 11:37:13,605 - Knowledge - INFO - Knowledge saved to Redis successfully
